edible,odor,stalk-surface-above-ring
1,p,u
0,a,g
0,l,m
1,p,u
0,n,g
0,a,g
0,a,m
0,l,m
1,p,g
0,a,m
0,l,g
0,a,m
0,a,g
1,p,u
0,n,g
0,n,u
0,n,g
1,p,g
1,p,u
1,p,u
0,a,m
1,p,g
0,l,m
0,a,m
0,l,m
1,p,g
0,a,m
0,l,m
0,n,u
0,a,d
0,l,m
1,p,u
0,l,m
0,l,p
0,l,m
0,l,d
0,n,u
1,p,u
0,a,d
0,l,m
0,a,g
0,l,p
0,n,u
1,p,g
0,a,m
0,a,g
0,l,m
0,l,m
0,l,p
0,l,p
0,a,g
0,l,g
0,l,m
1,p,u
1,p,u
0,a,m
0,n,g
0,a,g
0,l,g
0,a,p
0,n,u
0,a,m
0,l,m
0,l,m
0,l,g
0,n,g
0,l,g
0,a,g
0,a,g
0,n,u
0,l,d
0,l,m
0,l,d
0,a,p
0,a,g
0,l,d
0,l,d
0,l,p
1,p,u
0,a,g
0,n,g
1,p,g
0,n,u
0,n,g
0,l,g
0,n,g
0,a,g
0,l,g
0,l,g
0,n,u
0,n,u
0,l,g
0,a,g
0,l,m
0,n,g
0,a,g
0,l,g
0,a,g
0,a,g
0,a,g
0,n,g
0,l,g
0,l,g
0,a,p
0,l,g
0,a,m
0,a,g
0,l,m
0,a,m
0,a,m
0,l,g
0,n,u
0,a,d
0,a,m
1,p,u
0,l,g
0,n,u
0,l,g
0,l,d
0,n,u
1,p,g
0,a,m
1,p,g
0,n,g
0,l,m
0,n,g
0,a,g
0,n,g
0,l,g
0,l,m
0,l,g
0,l,m
0,l,d
0,l,m
0,a,d
1,p,u
0,l,d
0,a,g
1,p,g
0,l,g
0,a,p
0,l,m
0,n,u
0,a,p
0,a,g
0,n,g
0,n,g
0,l,m
0,l,g
0,a,m
0,a,g
0,n,g
0,l,g
0,n,u
0,a,d
0,l,g
0,a,g
0,a,g
0,a,m
0,a,g
0,l,m
0,a,g
0,n,u
0,l,g
0,a,g
0,l,p
0,a,g
0,a,m
0,l,g
0,a,g
0,n,u
0,l,g
0,l,d
0,a,g
0,l,g
0,l,m
0,a,m
0,a,g
0,l,m
0,l,g
1,p,u
0,n,u
0,n,u
0,a,m
0,a,p
1,p,g
0,l,m
0,n,u
0,l,g
0,a,p
0,n,g
0,l,d
0,l,m
0,a,d
0,a,m
0,n,u
0,a,g
0,l,m
0,l,m
0,a,d
0,l,g
0,l,g
0,a,g
0,n,g
0,l,p
1,p,u
0,a,g
0,a,m
0,l,g
0,a,g
0,a,g
0,l,m
0,a,d
0,n,u
0,a,g
0,l,m
0,a,g
0,a,g
0,l,g
0,n,u
0,a,m
1,p,g
0,a,g
0,a,d
0,l,m
0,l,g
0,a,g
0,a,g
1,p,u
0,a,g
0,n,u
1,p,u
0,l,p
0,n,u
0,l,g
0,l,d
0,l,g
0,l,g
0,l,g
0,a,p
0,a,p
0,l,g
0,a,m
1,p,u
0,a,d
0,l,g
0,l,d
0,a,m
0,l,p
0,n,g
0,a,g
1,p,g
0,n,u
0,l,m
0,l,g
0,l,m
0,n,u
0,a,m
0,l,g
0,a,m
0,l,g
1,p,g
0,a,g
0,a,m
0,l,d
0,n,u
0,n,g
0,a,m
0,a,m
1,p,u
0,l,m
1,p,u
0,l,g
0,a,m
0,a,p
0,a,p
0,a,g
0,a,m
0,n,g
0,l,m
1,p,g
0,a,m
0,n,u
0,l,m
0,l,m
0,a,g
0,a,m
0,a,g
0,l,p
0,n,u
0,n,u
0,l,g
0,l,m
0,l,g
0,a,m
0,a,m
0,a,m
0,n,g
0,a,d
1,p,g
0,n,g
0,a,g
0,l,d
0,a,g
0,l,g
0,n,d
0,l,m
0,l,m
0,a,g
0,n,g
0,l,g
1,p,g
0,l,g
0,a,d
0,a,g
1,p,u
0,a,d
0,a,m
0,l,d
0,l,d
0,l,m
0,a,d
0,a,g
0,a,m
0,l,p
0,l,g
0,a,m
1,p,u
0,l,g
0,a,g
1,p,u
0,l,m
0,l,m
0,a,g
0,l,g
0,n,d
0,a,g
0,l,g
0,n,u
0,l,g
0,a,g
0,a,g
0,a,m
0,a,d
0,l,g
0,n,g
0,l,d
0,a,m
0,n,g
0,n,u
0,n,g
0,a,p
0,a,g
0,a,m
0,l,p
0,n,u
0,a,p
1,p,u
0,a,p
0,a,g
0,n,g
0,n,g
0,n,g
0,a,p
0,a,g
0,n,u
0,a,p
0,a,d
0,a,g
0,n,g
0,a,g
0,l,g
0,a,m
0,n,u
0,a,m
0,l,g
0,n,u
0,l,m
0,l,g
0,a,g
1,p,u
0,n,g
0,a,m
0,a,g
0,n,d
1,p,u
0,l,p
0,n,g
0,l,m
0,a,m
0,a,m
0,l,m
0,a,g
0,n,u
0,a,g
0,n,g
0,l,m
0,l,m
0,n,u
1,p,u
0,l,g
0,a,m
1,p,u
0,l,m
0,l,m
0,l,m
0,l,g
0,a,m
0,a,g
0,l,p
0,a,m
0,n,g
0,l,p
0,l,g
1,p,g
0,a,g
0,l,d
1,p,u
0,l,g
0,n,g
0,l,g
0,a,m
1,p,u
0,l,g
0,l,m
0,a,d
0,a,p
0,a,m
0,n,g
0,n,u
0,a,g
0,l,g
0,l,g
0,l,g
0,l,d
0,a,m
0,a,d
0,l,m
0,l,m
0,a,p
0,l,m
0,l,m
0,a,p
0,l,m
0,l,m
0,l,g
0,l,g
0,l,g
0,l,m
0,n,d
0,l,m
0,l,g
0,l,m
0,l,d
0,l,m
0,n,g
0,a,g
0,l,m
0,a,p
0,a,p
0,a,m
0,l,g
0,a,g
0,a,m
0,n,u
0,a,g
0,a,m
0,l,g
0,l,g
0,a,p
0,l,g
0,a,m
0,a,d
0,n,u
0,l,d
0,n,u
0,n,u
0,a,g
0,a,d
0,l,m
0,a,m
0,l,g
0,l,d
0,n,u
0,a,d
0,a,g
0,l,m
0,n,u
0,l,p
0,a,p
0,a,d
1,p,g
1,p,u
0,l,p
0,a,g
0,a,m
0,n,g
0,a,g
0,a,g
0,l,m
0,a,g
0,a,g
0,l,m
0,a,m
0,a,g
1,p,g
0,n,g
0,n,g
0,a,d
0,n,u
0,n,u
0,a,g
0,a,d
0,n,u
0,n,u
0,n,g
0,l,p
0,a,g
0,l,g
0,a,g
0,l,m
0,l,g
0,a,p
1,p,u
0,n,u
0,l,g
0,a,p
0,a,m
0,n,u
0,a,p
0,a,p
0,a,g
1,p,g
0,l,p
1,p,g
0,n,g
0,a,m
0,n,u
0,l,m
0,a,d
0,a,m
0,n,g
1,p,g
0,a,g
0,n,g
0,a,m
0,l,m
0,n,u
0,l,d
0,a,m
0,n,u
0,n,g
0,l,p
0,l,d
0,l,g
0,a,p
1,p,u
0,l,d
0,l,g
0,a,m
0,a,g
0,a,d
0,a,d
0,n,g
0,a,m
1,p,g
0,a,g
0,n,g
1,p,g
0,a,m
0,a,m
0,l,d
0,a,g
0,l,g
0,a,g
0,l,g
0,n,u
0,l,g
0,l,g
1,p,g
0,a,m
0,a,m
0,l,g
0,a,g
0,a,g
0,a,m
0,n,u
0,n,u
0,n,u
0,a,m
1,p,u
0,n,g
0,l,g
1,p,g
0,a,m
1,p,u
0,l,m
0,l,m
1,p,g
1,p,u
0,n,g
0,l,g
0,n,g
0,l,p
0,l,m
0,a,g
0,n,g
0,a,g
0,l,m
0,n,u
0,n,g
0,n,g
0,n,g
1,p,u
0,l,g
0,l,g
0,n,g
0,l,g
0,a,m
0,n,u
0,l,g
0,l,g
0,l,d
0,a,p
0,n,u
0,l,m
0,l,d
0,n,u
0,a,g
0,a,g
0,n,g
0,a,m
0,n,d
0,l,g
0,a,g
0,a,m
0,a,g
0,l,m
0,n,g
0,a,m
0,l,m
0,a,g
0,l,p
0,a,g
0,l,p
0,l,d
0,a,m
0,l,m
0,a,g
0,l,d
0,a,g
0,l,m
0,a,g
1,p,g
1,p,u
0,l,g
0,n,g
0,a,g
0,l,p
0,n,u
0,a,g
0,l,m
1,p,g
1,p,g
0,l,g
0,a,m
0,a,g
0,l,g
0,l,p
0,a,g
0,a,g
0,n,u
0,n,g
0,l,d
0,l,p
0,n,u
0,n,u
0,l,g
0,l,p
0,a,m
0,l,d
0,a,m
0,a,d
0,a,g
0,n,d
0,a,m
0,n,u
0,a,m
0,l,m
0,a,g
0,a,g
0,l,g
0,a,p
0,n,g
1,p,g
0,a,g
0,a,m
1,p,g
1,p,u
0,n,g
1,p,g
0,n,g
0,l,p
0,l,m
0,l,p
0,l,p
0,l,m
0,n,u
0,a,m
0,a,m
0,a,p
0,n,g
0,l,m
0,l,g
0,l,g
0,a,m
0,l,m
0,a,p
0,a,g
0,n,u
0,a,g
0,a,g
0,l,d
0,n,g
0,a,g
1,p,g
0,l,g
0,n,g
0,a,m
0,l,m
0,l,g
0,n,g
1,p,g
1,p,u
0,l,g
0,a,g
0,a,d
1,p,u
0,l,g
0,n,u
0,n,u
0,a,m
0,a,g
0,a,m
0,l,p
0,l,g
0,l,g
0,a,m
1,p,u
0,a,d
0,a,p
0,l,g
0,a,d
0,l,g
0,a,m
0,a,g
0,l,g
0,n,g
0,a,m
0,a,p
0,l,g
0,l,g
0,l,g
0,n,u
0,l,p
0,n,g
0,l,d
0,n,u
0,a,m
0,a,m
0,a,g
0,l,m
0,a,m
0,a,d
0,n,g
0,a,g
1,p,u
0,a,g
0,l,g
0,l,m
0,a,m
0,n,u
0,l,m
0,l,m
0,a,g
1,p,g
0,n,u
0,l,g
1,p,g
0,l,p
0,l,g
0,l,p
0,a,g
0,a,g
1,p,g
1,p,u
0,l,g
0,n,g
1,p,g
0,l,p
0,a,m
0,a,g
1,p,u
0,l,g
0,a,g
0,l,g
0,a,g
0,a,g
0,l,m
0,l,d
0,a,m
0,a,m
1,p,u
1,p,g
1,p,u
0,a,m
0,a,g
0,a,g
0,a,d
0,l,g
0,l,m
0,n,u
0,a,m
0,l,g
0,a,p
0,l,m
0,l,d
0,a,d
0,l,m
0,l,d
0,n,u
0,a,d
0,l,g
0,l,g
0,l,p
1,p,g
0,l,m
1,p,u
0,a,g
0,a,g
0,a,d
1,p,g
0,a,g
0,n,u
0,a,g
0,n,g
0,a,m
0,l,g
0,l,m
0,l,d
0,l,g
0,a,g
0,n,u
0,n,g
0,n,u
0,l,p
0,l,d
0,a,g
0,a,m
1,p,g
0,l,p
0,a,g
0,a,g
0,a,g
0,a,m
0,l,g
0,n,u
0,l,p
0,n,u
0,l,g
0,a,p
0,l,g
0,a,m
0,n,d
0,a,m
0,l,p
0,a,m
0,l,g
0,l,g
0,l,g
0,a,d
0,n,g
0,a,g
0,l,g
0,l,g
0,a,d
0,a,g
0,a,g
0,a,p
0,l,g
0,n,d
0,l,g
0,a,g
0,a,m
0,l,m
0,l,g
0,a,g
0,l,m
0,l,m
0,l,g
0,l,p
0,n,g
0,n,g
0,n,g
0,l,m
0,n,g
1,p,g
0,n,g
1,p,u
1,p,g
0,l,g
0,n,g
0,l,g
0,n,g
0,n,g
0,a,g
0,l,m
0,n,d
0,n,g
0,n,g
0,n,g
0,n,g
0,l,g
0,l,d
0,n,g
0,n,g
0,n,g
1,p,u
0,n,u
0,a,m
0,n,g
0,n,g
1,p,g
0,l,g
0,n,u
0,n,g
0,a,m
0,n,g
0,n,g
0,n,d
0,a,g
0,n,g
1,p,g
0,n,g
0,n,d
0,n,g
0,n,g
0,l,g
0,n,g
1,p,u
1,p,u
0,l,g
0,n,g
0,n,g
0,n,g
0,l,m
1,p,u
0,n,d
0,l,d
0,l,m
0,n,g
0,n,g
0,n,d
0,n,d
0,n,g
0,n,g
1,p,g
0,n,d
0,n,g
0,n,g
0,n,g
0,n,d
0,n,d
0,n,g
0,n,d
0,n,g
0,l,g
0,n,d
0,l,g
0,n,g
0,n,d
0,l,m
0,n,g
0,n,g
1,p,u
0,n,g
0,n,g
0,n,g
0,n,g
0,l,g
0,l,m
0,n,g
0,n,g
0,n,u
0,n,g
0,n,g
0,l,m
0,a,d
0,l,m
1,p,u
0,n,d
0,l,g
0,n,g
1,p,g
0,l,g
0,n,g
0,n,g
0,n,g
0,n,g
0,l,g
0,a,m
0,n,g
0,a,p
0,n,g
0,n,g
0,a,d
0,l,g
0,n,d
1,p,g
0,n,d
0,n,g
0,a,m
0,a,g
0,a,m
1,p,u
1,p,g
0,n,u
0,l,d
0,l,m
0,n,g
0,n,d
1,p,g
0,n,g
0,n,g
0,n,g
0,n,g
0,a,m
0,a,d
0,n,u
1,p,u
0,a,p
0,a,p
0,n,g
0,n,d
0,n,g
0,a,g
0,n,g
1,p,u
0,n,d
0,n,g
0,n,d
0,n,d
0,n,g
0,l,p
0,n,g
0,l,g
0,l,d
0,n,g
0,l,g
0,n,g
0,n,g
0,l,d
0,n,g
0,n,g
1,p,u
0,l,d
0,a,g
0,n,g
0,n,d
0,l,g
0,n,g
1,p,g
0,a,g
0,n,d
0,l,p
0,n,g
0,n,u
1,p,g
0,n,g
0,l,p
0,n,g
1,p,u
0,l,m
0,n,g
0,l,g
0,n,g
0,l,m
0,l,m
1,p,g
0,l,g
0,n,u
0,a,g
0,n,g
0,l,d
0,n,g
1,p,u
0,n,g
0,n,g
0,n,g
1,p,g
0,n,g
0,n,g
0,n,g
1,p,g
0,n,g
0,n,g
1,p,u
0,n,g
0,l,g
0,n,g
0,n,g
1,p,g
0,a,g
0,n,g
0,l,g
0,n,g
0,n,g
0,n,g
0,n,g
0,n,g
0,n,g
0,n,g
0,n,g
0,n,d
0,a,d
0,n,g
0,n,g
0,a,g
0,n,g
0,n,g
1,p,u
0,n,g
1,p,g
0,n,g
0,a,g
0,n,g
0,n,d
0,l,g
0,n,g
0,n,g
0,n,g
0,n,d
0,n,g
0,n,g
0,n,g
0,n,g
0,n,g
0,n,g
0,n,g
0,n,g
0,n,g
0,a,p
1,p,g
0,n,g
1,p,g
0,a,m
0,n,g
0,n,g
0,n,g
0,n,g
0,a,g
0,n,g
0,n,d
0,a,p
0,n,g
0,a,m
1,p,g
0,n,d
0,n,g
0,a,m
0,n,g
0,n,d
0,n,g
0,n,u
0,n,u
0,n,u
0,l,m
0,n,u
0,n,g
0,a,p
0,l,p
0,l,g
0,n,g
0,a,g
0,a,g
0,n,g
0,n,g
1,p,u
0,l,g
0,n,g
0,n,g
0,l,m
0,n,d
0,l,p
0,a,g
1,p,g
0,n,g
0,a,m
0,l,g
0,l,m
0,l,g
0,a,g
0,a,g
0,n,g
1,p,g
0,n,g
0,n,g
1,p,u
0,n,g
0,n,g
0,n,g
0,n,g
0,a,g
0,n,g
0,n,g
1,p,g
0,n,g
0,n,g
0,n,g
0,n,g
0,a,g
0,n,g
0,n,g
0,n,g
0,n,g
0,n,g
0,n,d
0,n,g
1,p,g
0,n,d
0,n,g
1,p,g
0,n,g
0,n,g
0,n,g
0,n,g
0,n,g
0,n,g
0,n,g
0,n,g
1,p,u
0,n,g
1,p,g
1,p,u
0,n,g
0,n,g
0,n,g
0,n,g
0,n,g
0,n,g
0,n,d
0,n,d
0,n,g
1,p,g
1,p,g
0,n,g
1,p,g
0,n,g
0,n,g
1,p,g
1,p,g
1,p,g
1,p,g
0,n,g
0,n,d
0,n,g
0,n,g
1,p,u
0,n,g
0,n,d
0,n,g
0,n,g
1,p,g
0,n,g
0,n,g
1,p,u
0,n,g
0,n,g
0,n,g
0,n,g
0,a,m
0,n,g
0,n,g
0,n,g
0,n,g
0,n,g
1,p,u
0,n,g
0,n,d
0,n,g
0,n,d
0,n,g
0,n,g
1,p,g
1,p,g
0,n,g
0,n,d
0,n,g
0,a,p
0,n,g
0,n,g
0,n,g
0,n,g
0,n,d
0,n,g
0,n,g
0,n,g
0,n,g
0,n,g
0,n,g
0,n,g
0,n,g
1,p,g
0,n,g
0,l,g
0,n,g
0,n,g
0,n,d
0,l,m
0,n,g
0,n,d
1,p,g
0,n,g
1,p,u
0,n,g
0,n,g
0,l,g
0,n,g
0,n,g
0,n,g
0,n,g
0,n,g
1,p,g
0,n,g
0,n,g
0,n,d
0,n,g
0,n,d
0,a,g
0,n,g
0,n,g
0,n,g
1,p,u
0,n,d
0,n,g
0,n,g
1,p,g
0,n,g
0,n,d
0,n,d
0,n,d
0,n,g
0,n,g
0,n,g
0,n,g
0,n,g
0,n,g
0,n,g
0,n,g
0,n,g
0,n,g
1,p,u
0,n,g
0,n,g
0,n,g
0,n,g
0,n,g
0,n,g
0,n,d
0,n,g
0,n,g
0,n,g
0,n,g
0,l,g
1,p,g
1,p,g
0,n,g
0,n,g
1,p,g
0,n,g
1,p,u
0,n,g
1,p,u
0,n,g
0,n,g
0,n,g
0,n,g
0,n,d
0,n,d
0,n,g
0,n,d
0,n,g
0,n,g
0,n,g
0,n,g
0,n,d
0,n,g
0,n,g
0,n,g
1,p,g
0,n,g
0,a,g
0,n,d
0,n,g
0,n,g
1,p,u
0,n,g
0,n,g
0,n,g
0,n,g
0,n,g
0,n,g
0,n,g
0,n,g
0,n,g
0,n,g
0,l,m
0,n,g
0,n,g
0,n,g
1,p,u
0,n,g
0,n,d
0,n,g
0,n,g
0,n,g
0,n,g
0,n,g
0,l,p
1,p,u
0,n,g
0,n,d
1,p,g
1,p,u
1,p,u
0,n,d
0,l,m
1,p,g
0,n,g
0,n,g
0,n,d
0,n,g
0,n,g
0,n,g
1,p,u
1,p,g
0,n,g
0,n,g
0,n,d
0,n,g
0,n,g
1,p,u
0,n,g
1,p,g
0,n,g
0,n,g
0,n,g
0,n,d
0,n,g
1,p,u
0,n,d
0,n,g
0,n,g
0,a,d
0,n,g
0,n,d
0,n,d
0,a,d
0,n,g
0,n,g
0,n,d
0,n,g
1,p,u
0,n,g
0,n,g
0,n,g
0,n,g
0,n,g
1,p,g
0,n,g
0,n,g
0,n,g
0,n,g
0,n,g
0,l,g
1,p,u
0,n,g
0,n,g
0,n,g
1,p,g
0,n,g
1,p,u
0,n,g
0,n,g
0,n,g
0,n,g
0,n,g
0,n,g
0,n,g
0,n,g
0,n,g
0,a,m
0,n,g
0,n,g
0,n,g
0,n,d
1,p,u
0,n,d
0,n,g
0,n,d
0,n,g
0,n,g
0,n,g
0,a,m
0,a,d
0,n,g
0,n,g
0,n,g
0,a,g
0,n,g
0,l,g
0,n,g
0,n,g
0,n,g
0,n,g
0,n,g
0,n,d
0,n,g
0,a,m
0,n,g
1,p,u
0,n,g
1,p,u
0,n,g
0,n,g
1,p,g
0,n,g
1,p,u
0,n,g
0,n,g
1,p,g
0,n,g
0,n,g
0,n,g
0,n,g
0,n,d
1,p,u
0,n,g
0,a,g
0,n,g
0,n,g
0,l,m
0,n,g
0,n,g
0,n,g
1,p,u
0,n,g
0,a,g
0,n,g
0,n,g
0,n,g
0,n,g
0,n,g
0,n,d
0,l,m
0,n,d
1,p,g
0,n,g
1,p,u
0,n,g
0,n,g
0,n,g
0,n,g
0,n,g
0,l,g
0,n,g
0,n,g
1,p,g
0,n,g
1,p,g
0,n,g
0,n,d
0,n,g
1,p,u
0,n,g
1,p,u
0,n,d
0,n,g
0,a,p
0,n,g
0,n,g
0,n,g
0,n,g
0,n,g
0,n,g
0,n,g
0,n,d
0,n,g
0,n,g
0,l,g
0,n,d
0,n,g
0,n,g
0,n,g
0,n,g
0,n,g
0,n,g
0,n,g
0,n,d
0,n,g
0,n,g
0,n,g
0,n,u
1,p,u
1,p,g
0,n,d
0,n,g
0,n,g
0,n,g
0,n,g
0,n,g
0,n,g
0,n,g
0,n,g
0,n,d
1,p,u
0,n,g
0,n,d
1,p,u
1,p,g
1,p,u
0,n,g
0,n,g
0,n,g
0,n,g
0,n,g
1,p,g
1,p,g
0,n,g
0,n,g
0,n,g
0,n,d
0,n,d
0,n,g
0,n,g
0,n,g
0,l,m
0,n,g
0,n,g
0,n,g
0,n,g
0,n,g
0,n,g
0,n,g
0,n,g
0,n,g
0,n,g
0,n,g
0,n,g
0,n,g
0,n,g
0,n,g
0,a,g
0,l,g
0,n,g
1,p,g
0,n,g
1,p,u
0,n,d
1,p,u
0,l,g
0,l,m
0,l,p
0,n,g
0,n,g
0,n,g
0,n,g
0,n,g
0,n,g
0,n,g
0,l,g
0,n,g
0,l,m
1,p,g
0,n,g
0,n,g
0,n,g
0,n,g
0,n,d
0,n,d
0,a,p
0,n,d
0,n,g
0,n,g
0,n,g
0,n,g
0,n,g
0,n,g
0,n,g
0,n,g
0,n,d
0,n,g
0,n,g
1,p,g
0,n,d
0,n,g
0,n,g
1,p,u
0,n,g
0,n,d
0,n,g
0,n,g
0,n,d
0,n,g
0,n,g
0,n,d
0,l,g
0,l,m
0,n,g
0,n,g
0,n,g
0,n,g
0,n,g
0,n,g
0,a,m
1,p,g
0,n,g
0,n,g
0,a,g
0,n,g
0,n,g
1,p,u
0,n,g
0,n,g
1,p,g
0,n,g
0,n,g
0,n,d
0,n,g
1,p,u
0,n,g
0,n,g
0,n,g
0,n,g
0,l,g
1,p,g
0,n,g
0,n,u
1,p,u
0,n,g
0,n,g
0,a,p
0,n,g
0,n,g
1,p,g
0,n,g
0,n,g
0,n,g
0,n,d
0,n,g
0,n,g
0,n,g
0,n,g
0,n,d
0,n,g
1,p,u
0,n,g
0,n,g
0,n,d
0,a,g
0,n,g
0,n,g
0,n,g
0,a,g
0,n,d
0,n,g
0,n,g
1,p,u
1,p,u
0,n,g
0,n,u
0,n,g
0,n,g
1,p,g
0,a,g
0,n,g
1,p,u
0,n,g
0,n,g
0,n,g
1,p,u
0,n,g
0,n,g
0,n,g
0,n,g
1,p,g
0,n,g
0,n,g
1,p,u
0,n,g
0,n,d
0,n,g
0,n,d
0,n,d
0,n,d
0,n,d
0,n,g
0,n,d
0,n,d
0,n,g
1,p,g
0,n,d
1,p,g
0,a,g
0,n,g
0,a,g
1,f,g
0,n,g
0,n,g
0,n,d
0,n,g
0,n,g
1,p,u
0,n,d
0,l,g
0,n,g
0,n,d
0,n,g
0,n,g
0,n,d
0,n,d
0,n,d
0,n,g
0,n,d
0,n,d
0,n,d
0,n,d
0,n,g
0,n,d
0,n,g
0,n,g
0,n,g
0,n,d
1,p,u
0,n,d
0,n,g
0,n,g
0,n,d
0,n,d
0,n,d
0,n,d
0,n,g
0,n,d
0,n,d
0,n,d
0,n,d
0,a,d
0,n,d
1,p,g
0,n,g
0,n,d
0,n,d
0,n,g
0,n,d
0,n,g
0,n,d
0,n,d
0,n,g
0,n,g
0,n,g
0,n,g
0,n,d
0,n,g
0,n,g
0,n,d
0,n,d
0,n,d
0,n,d
0,n,g
0,n,g
0,n,g
0,n,g
0,n,d
0,n,d
0,n,d
0,l,d
0,n,g
1,p,g
0,n,d
0,n,d
0,n,g
0,n,g
0,n,g
0,n,g
0,n,g
0,n,d
0,n,d
0,n,g
0,n,g
0,n,g
0,n,d
0,n,g
0,n,g
0,n,g
0,n,g
0,n,g
0,n,g
0,n,d
0,n,g
0,n,g
0,n,d
0,n,d
0,n,d
0,n,g
0,n,g
0,l,g
1,p,u
0,n,g
0,n,g
0,n,d
0,n,d
0,n,g
0,n,g
0,n,g
0,n,d
0,n,d
0,n,g
0,n,g
0,n,g
0,n,g
1,p,u
0,a,g
0,n,d
0,n,g
0,n,g
0,n,g
0,l,d
0,n,g
0,n,g
0,n,g
0,n,d
0,n,d
0,n,d
0,n,g
0,n,g
1,p,u
0,n,g
0,n,d
0,n,d
0,n,g
0,n,d
0,n,d
0,n,d
0,n,d
0,n,d
1,p,g
0,n,g
0,n,d
0,n,d
1,p,g
0,n,d
0,n,g
0,n,d
0,n,g
0,n,g
0,n,g
0,n,d
0,n,g
0,n,d
0,n,g
0,n,g
0,n,g
1,p,u
0,n,d
0,n,g
1,p,g
0,n,d
0,n,d
0,n,g
0,n,d
0,n,g
0,n,g
0,l,m
0,n,g
0,n,d
0,n,d
0,n,g
1,p,u
0,n,d
1,p,u
1,p,g
0,n,d
0,n,g
0,n,d
0,n,g
0,n,d
0,n,g
0,n,g
0,n,g
0,n,g
0,n,d
0,n,d
0,n,g
0,n,d
1,p,u
0,l,g
1,p,g
0,n,g
0,n,g
1,p,g
0,n,g
0,n,g
0,n,d
0,n,g
0,n,g
0,n,g
0,n,g
0,a,d
0,a,d
0,n,g
0,n,d
0,n,d
0,n,d
0,n,g
0,n,d
0,n,d
0,n,g
0,n,d
0,n,g
0,l,m
0,n,d
0,n,g
0,n,d
0,n,d
0,n,d
0,n,g
0,n,g
0,n,g
0,n,g
0,n,d
0,n,d
0,n,d
0,n,g
0,n,g
0,n,g
0,a,p
0,n,d
0,n,g
0,n,d
0,n,d
0,n,g
0,a,m
0,n,g
0,n,g
0,n,d
0,n,g
0,n,d
0,n,d
0,n,g
0,a,m
0,n,g
1,p,g
0,n,g
0,n,d
0,n,g
0,n,d
0,n,d
1,p,u
0,n,g
0,n,d
0,n,d
0,n,d
0,n,d
0,n,d
1,p,u
0,l,m
0,n,d
0,n,d
0,n,g
0,n,d
0,n,g
0,n,g
0,n,d
0,n,d
0,n,g
0,n,g
0,n,g
0,n,d
0,n,d
1,p,u
0,n,d
0,n,g
0,a,m
0,n,g
0,n,g
0,n,d
0,n,d
0,n,g
1,p,g
0,n,g
0,n,d
0,n,d
0,n,d
0,n,d
0,n,d
0,n,d
0,n,d
0,n,d
0,n,d
0,n,d
0,n,d
0,n,d
1,p,g
0,n,d
0,n,d
0,n,d
0,n,d
0,n,d
0,n,d
0,n,d
0,n,d
0,n,d
0,n,d
0,n,d
0,n,d
0,n,d
0,n,d
0,n,d
1,f,g
1,p,g
0,n,d
0,n,g
0,n,d
0,n,d
0,n,d
0,n,d
0,n,d
0,n,d
0,n,d
0,n,d
0,n,d
0,n,d
0,n,d
0,n,d
0,n,d
0,n,d
0,n,d
1,p,u
0,n,d
1,p,g
0,n,d
0,n,d
0,n,d
0,n,d
0,n,d
0,n,d
0,n,d
0,n,d
0,n,d
0,n,d
0,n,d
0,n,d
0,n,d
0,n,d
0,n,d
0,n,d
0,n,d
0,n,d
0,n,d
0,n,d
0,n,d
0,n,d
0,n,d
0,n,d
0,n,d
0,n,d
0,n,d
0,n,d
1,f,d
0,n,d
0,n,d
0,n,d
0,n,d
0,n,d
0,n,d
0,n,d
0,n,d
0,n,d
0,n,d
0,n,d
0,n,d
0,n,d
0,n,g
0,n,d
0,n,d
0,n,d
0,n,d
0,n,d
0,n,d
0,n,d
0,n,g
0,n,d
0,n,d
0,n,d
0,n,d
0,n,d
0,n,d
0,n,d
0,n,d
0,n,d
1,c,d
0,n,d
0,n,d
0,n,d
0,n,d
0,n,d
0,n,d
0,n,d
0,n,d
0,n,d
0,n,d
0,n,d
0,n,d
0,n,d
0,n,d
0,n,d
0,n,d
0,n,g
0,n,d
0,n,d
0,n,d
0,n,d
0,n,d
0,n,d
0,n,d
0,n,d
0,n,d
0,n,g
1,f,p
0,n,d
0,n,d
1,p,g
0,n,d
0,n,d
0,n,d
0,n,d
0,n,d
0,n,g
0,n,d
0,n,d
0,n,d
0,n,d
0,n,g
0,n,d
0,n,d
0,n,d
0,n,d
0,n,d
0,n,d
0,n,d
0,n,g
0,n,d
0,n,d
0,n,d
0,n,d
0,n,d
0,n,g
0,n,d
0,n,d
0,n,d
0,n,d
0,n,g
0,n,d
0,n,d
0,n,d
0,n,d
0,n,d
0,n,d
0,n,d
0,n,d
0,n,d
0,n,d
0,n,d
0,n,d
0,n,d
1,c,d
0,n,d
0,n,d
1,p,u
0,n,d
0,n,d
0,n,d
0,n,d
0,n,d
0,n,d
0,n,g
0,n,d
0,n,g
0,n,d
0,n,d
0,n,d
0,n,d
0,n,d
0,n,d
0,n,d
0,n,d
0,n,d
0,n,d
0,n,d
0,n,d
0,n,d
0,n,d
0,n,d
0,n,d
0,n,d
0,n,d
0,n,d
0,n,d
0,n,d
0,n,d
0,n,d
0,n,d
0,n,d
0,n,d
0,n,d
0,n,d
0,n,d
0,n,d
0,n,d
0,n,d
0,n,d
0,n,d
0,n,d
0,n,d
0,n,d
0,n,d
0,n,d
0,n,d
0,n,d
0,n,d
0,n,d
0,n,d
0,n,d
0,n,d
0,n,d
0,n,d
0,n,g
0,n,d
0,n,g
0,n,d
0,n,d
1,p,u
0,n,d
0,n,d
0,n,d
0,n,d
0,n,d
0,n,d
0,n,d
0,n,d
0,n,d
0,n,d
0,n,d
0,n,d
0,n,d
0,n,d
0,n,d
0,n,g
0,n,d
0,n,d
0,n,d
0,n,d
0,n,d
0,n,d
0,n,d
1,p,u
0,n,d
0,n,g
0,n,g
0,n,d
0,n,d
0,n,d
0,n,d
0,n,d
0,n,d
1,f,d
0,n,d
0,n,g
1,p,g
0,n,d
0,n,d
0,n,d
0,n,d
0,n,d
0,n,d
0,n,d
0,n,d
0,n,d
0,n,d
0,n,d
1,p,g
0,n,d
0,n,d
0,n,d
0,n,d
0,n,d
0,n,d
0,n,d
0,n,d
0,n,d
0,n,d
0,n,d
0,n,d
0,n,d
0,n,d
0,n,d
0,n,d
0,n,d
0,n,d
0,n,d
0,n,d
0,n,d
0,n,d
0,n,d
0,n,d
0,n,d
1,c,d
0,n,d
0,n,d
0,n,d
0,n,d
0,n,d
0,n,d
0,n,d
0,n,d
0,n,d
0,n,d
0,n,d
0,n,d
0,n,d
0,n,d
0,n,d
0,n,d
1,f,g
0,n,d
0,n,d
0,n,d
0,n,d
0,n,d
0,n,d
0,n,d
0,n,d
0,n,g
0,n,d
0,n,d
0,n,d
0,n,d
0,n,d
0,n,d
0,n,d
0,n,d
0,n,d
0,n,d
0,n,d
0,n,d
0,n,d
0,n,d
0,n,d
0,n,d
0,n,d
0,n,d
0,n,d
0,n,d
0,n,d
0,n,d
0,n,d
0,n,d
0,n,d
1,p,u
0,n,g
0,n,d
0,n,d
1,c,d
0,n,d
0,n,d
0,n,d
0,n,d
0,n,g
0,n,d
0,n,d
0,n,d
0,n,d
0,n,d
0,n,d
0,n,d
1,p,u
0,n,d
0,n,d
0,n,d
0,n,d
0,n,g
0,n,g
0,n,d
0,n,d
0,n,d
0,n,d
0,n,d
0,n,d
0,n,d
0,n,d
0,n,d
0,n,d
1,c,d
0,n,d
0,n,d
0,n,d
0,n,d
0,n,d
0,n,g
0,n,d
0,n,d
0,n,d
0,n,d
0,n,d
0,n,d
0,n,d
0,n,d
0,n,d
0,n,d
0,n,d
0,n,d
0,n,d
0,n,d
1,f,p
0,n,d
0,n,d
1,f,d
0,n,d
0,n,d
1,f,d
1,c,d
0,n,d
0,n,d
0,n,d
0,n,d
0,n,d
0,n,d
0,n,d
0,n,d
0,n,d
0,n,d
0,n,d
0,n,d
0,n,d
0,n,d
0,n,d
0,n,d
0,n,d
0,n,d
0,n,d
1,c,d
0,n,d
0,n,d
0,n,d
0,n,d
0,n,d
1,f,d
0,n,d
0,n,d
0,n,d
0,n,d
1,f,g
0,n,d
0,n,d
0,n,d
0,n,d
0,n,d
0,n,d
0,n,d
0,n,d
0,n,d
0,n,d
0,n,d
0,n,d
0,n,d
0,n,d
0,n,d
0,n,d
0,n,d
0,n,d
0,n,d
0,n,d
0,n,d
0,n,d
1,f,p
0,n,d
0,n,d
0,n,d
0,n,d
0,n,d
0,n,d
0,n,d
0,n,d
0,n,d
0,n,d
1,f,p
0,n,d
0,n,d
0,n,d
0,n,d
0,n,d
0,n,d
0,n,d
0,n,d
0,n,d
0,n,d
0,n,d
0,n,d
0,n,d
0,n,d
0,n,d
0,n,d
0,n,d
0,n,d
0,n,d
0,n,d
0,n,d
1,c,d
0,n,d
0,n,d
0,n,g
0,n,d
0,n,d
0,n,d
0,n,d
0,n,d
0,n,d
0,n,d
0,n,d
0,n,d
0,n,d
0,n,d
0,n,d
0,n,d
0,n,d
0,n,d
0,n,d
0,n,g
0,n,d
0,n,d
0,n,d
0,n,d
0,n,d
0,n,d
0,n,d
0,n,d
0,n,d
0,n,d
0,n,d
0,n,d
0,n,d
0,n,d
0,n,d
0,n,d
0,n,d
0,n,d
0,n,d
0,n,d
0,n,d
0,n,d
0,n,d
0,n,d
0,n,d
0,n,d
0,n,d
0,n,d
0,n,d
0,n,d
0,n,d
0,n,d
0,n,d
0,n,d
0,n,d
1,c,d
0,n,d
0,n,d
0,n,d
0,n,d
0,n,d
0,n,d
0,n,g
0,n,d
0,n,d
0,n,d
0,n,d
0,n,d
0,n,d
1,f,g
0,n,d
0,n,d
0,n,d
0,n,d
0,n,d
0,n,d
0,n,d
0,n,d
0,n,d
0,n,d
0,n,d
0,n,d
0,n,d
0,n,d
0,n,d
0,n,d
0,n,d
0,n,d
0,n,d
0,n,d
0,n,d
0,n,d
0,n,d
0,n,d
0,n,d
0,n,d
0,n,d
0,n,d
0,n,d
0,n,d
0,n,d
0,n,d
0,n,g
0,n,d
0,n,d
0,n,d
0,n,d
0,n,d
0,n,d
0,n,d
0,n,d
0,n,d
0,n,d
0,n,d
0,n,d
0,n,d
0,n,d
0,n,d
0,n,d
0,n,d
0,n,d
1,c,d
0,n,d
0,n,d
0,n,d
0,n,d
0,n,d
0,n,d
0,n,d
0,n,d
0,n,d
0,n,d
0,n,d
0,n,d
0,n,d
0,n,d
0,n,d
0,n,d
1,f,d
0,n,d
0,n,d
0,n,d
1,f,d
0,n,d
0,n,d
0,n,d
0,n,d
0,n,d
0,n,d
0,n,d
0,n,d
0,n,d
0,n,d
0,n,d
0,n,d
0,n,d
0,n,d
0,n,d
0,n,d
0,n,d
0,n,g
0,n,d
0,n,d
0,n,d
0,n,d
0,n,d
0,n,d
0,n,d
0,n,d
1,c,d
0,n,d
0,n,d
0,n,d
0,n,g
0,n,d
0,n,d
0,n,d
0,n,d
0,n,d
0,n,d
0,n,d
0,n,d
0,n,d
0,n,d
0,n,d
0,n,d
0,n,d
0,n,d
0,n,d
0,n,g
0,n,d
0,n,d
0,n,d
0,n,d
0,n,d
0,n,d
0,n,d
0,n,d
0,n,d
0,n,d
0,n,d
0,n,d
0,n,d
0,n,d
0,n,d
0,n,d
0,n,d
0,n,d
0,n,d
0,n,d
0,n,d
0,n,d
0,n,d
1,c,d
0,n,d
0,n,d
0,n,g
0,n,d
0,n,d
0,n,d
0,n,d
0,n,d
0,n,d
0,n,d
0,n,d
0,n,d
0,n,d
0,n,d
0,n,d
0,n,d
0,n,d
0,n,d
1,c,d
0,n,d
0,n,d
0,n,d
0,n,d
0,n,d
0,n,d
0,n,d
0,n,d
0,n,d
0,n,d
0,n,d
0,n,d
0,n,d
0,n,d
0,n,d
0,n,d
0,n,d
0,n,d
0,n,d
0,n,d
0,n,g
0,n,d
0,n,d
0,n,d
0,n,d
0,n,d
1,c,d
0,n,d
0,n,d
0,n,g
0,n,d
1,c,d
0,n,d
0,n,d
0,n,d
0,n,d
0,n,d
0,n,d
0,n,d
0,n,d
0,n,d
0,n,d
1,f,p
0,n,d
0,n,d
0,n,d
0,n,d
0,n,d
0,n,d
0,n,d
0,n,d
0,n,d
0,n,d
0,n,d
0,n,d
0,n,d
0,n,d
0,n,d
0,n,d
0,n,d
0,n,d
0,n,d
0,n,d
0,n,d
0,n,d
1,f,p
0,n,d
0,n,d
0,n,d
0,n,d
0,n,d
0,n,d
0,n,d
0,n,d
0,n,d
0,n,d
1,f,p
0,n,d
0,n,d
0,n,d
0,n,d
0,n,d
0,n,d
0,n,d
0,n,d
0,n,d
0,n,d
0,n,d
0,n,d
0,n,d
0,n,d
0,n,d
0,n,d
0,n,d
0,n,d
0,n,d
0,n,d
0,n,d
0,n,d
0,n,d
0,n,d
0,n,d
0,n,d
0,n,d
0,n,d
0,n,g
0,n,d
0,n,d
0,n,d
0,n,d
0,n,d
0,n,d
0,n,d
0,n,d
0,n,d
0,n,d
0,n,d
0,n,d
0,n,d
0,n,d
0,n,d
0,n,d
0,n,d
0,n,d
0,n,d
0,n,d
0,n,d
0,n,d
0,n,d
1,f,d
0,n,d
0,n,d
0,n,d
0,n,d
0,n,d
0,n,d
0,n,d
0,n,d
0,n,d
0,n,d
1,f,p
0,n,d
1,f,d
1,c,d
0,n,d
0,n,d
0,n,d
0,n,d
1,f,p
0,n,d
0,n,d
0,n,d
1,c,d
0,n,d
0,n,d
1,f,g
1,f,p
0,n,d
0,n,d
0,n,d
0,n,d
0,n,d
0,n,d
0,n,d
0,n,d
1,c,d
1,f,d
0,n,d
0,n,d
0,n,d
0,n,d
0,n,d
0,n,d
1,f,p
0,n,d
0,n,d
1,c,d
0,n,d
0,n,d
1,f,g
1,f,d
0,n,d
0,n,d
0,n,d
0,n,d
0,n,d
1,c,d
0,n,d
0,n,d
0,n,d
0,n,d
1,c,d
0,n,d
0,n,d
0,n,d
0,n,d
1,c,d
1,c,d
0,n,d
1,f,d
1,c,d
1,f,p
0,n,d
1,f,p
0,n,d
0,n,d
0,n,d
1,c,d
1,f,p
0,n,d
0,n,d
0,n,d
1,f,p
0,n,d
1,f,p
0,n,d
0,n,d
1,f,p
0,n,d
0,n,d
0,n,d
1,f,p
0,n,d
0,n,d
1,f,g
0,n,d
1,f,d
0,n,d
1,f,g
1,f,p
1,f,g
0,n,d
1,f,g
0,n,d
1,c,d
0,n,d
1,c,d
0,n,d
0,n,d
0,n,d
0,n,d
1,f,g
1,f,p
1,c,d
0,n,d
0,n,d
0,n,d
0,n,d
1,f,g
1,c,d
0,n,d
0,n,d
0,n,d
0,n,d
0,n,d
0,n,d
0,n,d
1,c,d
1,c,d
0,n,d
0,n,d
1,f,d
0,n,d
1,c,d
0,n,d
0,n,d
0,n,d
0,n,d
0,n,d
0,n,d
0,n,d
0,n,d
0,n,d
0,n,d
0,n,d
0,n,d
0,n,d
1,f,p
0,n,d
0,n,d
1,f,d
0,n,d
0,n,d
0,n,d
0,n,d
0,n,d
1,c,d
1,c,d
0,n,d
0,n,d
0,n,d
1,f,d
0,n,d
0,n,d
0,n,d
1,c,d
0,n,d
0,n,d
1,f,d
0,n,d
1,f,p
1,c,d
0,n,d
1,f,p
1,c,d
1,f,p
0,n,d
1,f,p
1,c,d
0,n,d
0,n,d
0,n,d
1,f,p
1,c,d
0,n,d
0,n,d
0,n,d
0,n,d
1,f,g
0,n,d
1,c,d
1,c,d
0,n,d
0,n,d
0,n,d
0,n,d
1,f,d
1,f,p
0,n,d
1,f,g
1,c,d
0,n,d
1,f,d
0,n,d
0,n,d
0,n,d
0,n,d
0,n,d
1,f,g
0,n,d
1,f,p
0,n,d
0,n,d
0,n,d
1,f,g
0,n,d
0,n,d
1,f,g
1,c,d
0,n,d
1,f,d
0,n,d
0,n,d
0,n,d
0,n,d
0,n,d
0,n,d
1,c,d
0,n,d
0,n,d
0,n,d
0,n,d
0,n,d
0,n,d
0,n,d
1,f,p
1,c,d
0,n,d
0,n,d
0,n,d
1,f,p
1,c,d
1,f,p
0,n,d
1,f,g
0,n,d
0,n,d
0,n,d
1,f,d
0,n,d
0,n,d
1,c,d
1,f,g
0,n,d
1,f,d
1,f,d
0,n,d
1,f,g
0,n,d
0,n,d
0,n,d
0,n,d
1,c,d
0,n,d
0,n,d
0,n,d
0,n,d
1,c,d
1,f,g
0,n,d
0,n,d
1,c,d
0,n,d
1,f,p
1,f,p
0,n,d
0,n,d
1,c,d
1,f,d
1,c,d
0,n,d
0,n,d
0,n,d
1,f,g
0,n,d
1,c,d
1,f,d
0,n,d
0,n,d
1,f,p
1,f,p
1,c,d
0,n,d
1,f,d
0,n,d
0,n,d
0,n,d
0,n,d
0,n,d
0,n,d
0,n,d
1,c,d
0,n,d
0,n,d
1,c,d
0,n,d
0,n,d
1,f,g
0,n,d
1,f,g
0,n,d
0,n,d
0,n,d
1,f,g
0,n,d
1,c,d
0,n,d
0,n,d
0,n,d
0,n,d
0,n,d
0,n,d
1,f,d
0,n,d
0,n,d
0,n,d
0,n,d
0,n,d
0,n,d
0,n,d
0,n,d
1,c,d
1,f,d
0,n,d
0,n,d
1,c,d
1,c,d
1,f,p
0,n,d
0,n,d
1,c,d
0,n,d
0,n,d
1,f,g
0,n,d
0,n,d
1,c,d
0,n,d
1,f,d
0,n,d
1,f,p
0,n,d
0,n,d
0,n,d
0,n,d
1,c,d
0,n,d
0,n,d
1,f,p
0,n,d
1,c,d
1,f,g
0,n,d
0,n,d
0,n,d
0,n,d
1,c,d
1,f,g
1,c,d
0,n,d
0,n,d
1,f,d
1,f,g
0,n,d
1,c,d
1,c,d
0,n,d
0,n,d
0,n,d
0,n,d
1,c,d
1,f,d
0,n,d
0,n,d
0,n,d
0,n,d
0,n,d
0,n,d
1,f,p
0,n,d
1,c,d
0,n,d
0,n,d
0,n,d
0,n,d
0,n,d
0,n,d
1,c,d
1,f,d
1,c,d
0,n,d
0,n,d
1,c,d
0,n,d
1,c,d
0,n,d
1,c,d
0,n,d
1,f,g
1,c,d
0,n,d
1,f,g
1,c,d
0,n,d
1,c,d
0,n,d
0,n,d
0,n,d
0,n,d
0,n,d
1,c,d
0,n,d
0,n,d
0,n,d
0,n,d
0,n,d
1,f,g
1,c,d
0,n,d
0,n,d
1,c,d
0,n,d
0,n,d
0,n,d
1,f,p
1,c,d
0,n,d
0,n,d
0,n,d
0,n,d
0,n,d
1,f,p
0,n,d
0,n,d
1,c,d
0,n,d
1,f,p
0,n,d
1,f,p
0,n,d
1,c,d
0,n,d
1,c,d
1,c,d
0,n,d
1,c,d
1,f,d
0,n,d
0,n,d
0,n,d
1,f,g
1,c,d
1,f,p
1,c,d
0,n,d
0,n,d
1,c,d
0,n,d
0,n,d
0,n,d
0,n,d
0,n,d
1,c,d
0,n,d
1,f,d
0,n,d
0,n,d
1,c,d
1,c,d
0,n,d
0,n,d
0,n,d
1,f,p
0,n,d
0,n,d
0,n,d
1,c,d
0,n,d
1,f,p
0,n,d
0,n,d
0,n,d
1,c,d
1,c,d
0,n,d
0,n,d
0,n,d
1,f,g
0,n,d
1,f,p
0,n,d
1,f,g
0,n,d
0,n,d
0,n,d
1,f,d
0,n,d
0,n,d
0,n,d
1,c,d
0,n,d
0,n,d
0,n,d
0,n,d
0,n,d
1,f,g
0,n,d
1,f,d
0,n,d
0,n,d
1,f,d
0,n,d
1,f,d
0,n,d
1,c,d
0,n,d
0,n,d
0,n,d
0,n,d
0,n,d
1,c,d
1,f,d
0,n,d
0,n,d
1,c,d
0,n,d
0,n,d
0,n,d
0,n,d
0,n,d
1,c,d
0,n,d
1,f,d
0,n,d
0,n,d
1,c,d
0,n,d
0,n,d
1,f,d
0,n,d
0,n,d
0,n,d
1,c,d
1,f,d
0,n,d
0,n,d
1,c,d
0,n,d
0,n,d
0,n,d
0,n,d
0,n,d
0,n,d
1,c,d
0,n,d
1,f,d
1,c,d
0,n,d
1,f,d
1,c,d
0,n,d
0,n,d
0,n,d
0,n,d
1,f,g
0,n,d
1,f,p
0,n,d
0,n,d
1,f,d
0,n,d
1,f,p
0,n,d
0,n,d
0,n,d
0,n,d
0,n,d
0,n,d
0,n,d
0,n,d
1,f,g
0,n,d
1,c,d
0,n,d
0,n,d
0,n,d
0,n,d
0,n,d
0,n,d
1,c,d
0,n,d
0,n,d
0,n,d
1,f,g
0,n,d
0,n,d
1,f,g
0,n,d
1,f,g
0,n,d
0,n,d
0,n,d
0,n,d
1,f,d
1,c,d
1,f,g
1,f,p
1,f,p
0,n,d
1,f,d
0,n,d
0,n,d
0,n,d
1,f,d
0,n,d
1,c,d
0,n,d
0,n,d
0,n,d
0,n,d
1,f,g
1,f,p
0,n,d
0,n,d
1,f,d
0,n,d
1,c,d
0,n,d
0,n,d
1,f,p
0,n,d
1,c,d
1,f,g
0,n,d
1,f,d
0,n,d
0,n,d
0,n,d
0,n,d
0,n,d
0,n,d
0,n,d
0,n,d
1,f,g
0,n,d
0,n,d
1,f,g
1,f,d
1,f,p
0,n,d
0,n,d
1,f,d
1,f,p
1,f,p
0,n,d
1,c,d
0,n,d
1,f,d
0,n,d
0,n,d
1,f,p
0,n,d
1,c,d
0,n,d
0,n,d
0,n,d
1,f,d
0,n,d
0,n,d
1,c,d
0,n,d
0,n,d
0,n,d
0,n,d
1,f,p
0,n,d
0,n,d
0,n,d
1,c,d
0,n,d
0,n,d
0,n,d
1,c,d
1,f,p
0,n,d
1,f,g
1,c,d
0,n,d
0,n,d
0,n,d
0,n,d
1,c,d
0,n,d
1,f,g
0,n,d
0,n,d
1,c,d
0,n,d
1,c,d
0,n,d
1,f,g
0,n,d
1,c,d
1,f,p
0,n,d
0,n,d
1,c,d
1,f,g
0,n,d
1,f,d
0,n,d
0,n,d
1,f,d
0,n,d
0,n,d
0,n,d
0,n,d
1,f,d
0,n,d
0,n,d
0,n,d
0,n,d
0,n,d
1,f,d
1,c,d
1,f,p
0,n,d
0,n,d
0,n,d
0,n,d
0,n,d
0,n,d
0,n,d
1,f,g
0,n,d
0,n,d
1,f,d
1,c,d
1,c,d
0,n,d
1,f,p
1,c,d
0,n,d
0,n,d
0,n,d
1,f,d
0,n,d
0,n,d
0,n,d
1,f,p
1,c,d
0,n,d
1,c,d
1,c,d
1,f,g
0,n,d
0,n,d
1,f,p
0,n,d
0,n,d
0,n,d
0,n,d
0,n,d
0,n,d
0,n,d
0,n,d
0,n,d
0,n,d
0,n,d
0,n,d
0,n,d
0,n,d
0,n,d
0,n,d
1,f,p
0,n,d
0,n,d
0,n,d
0,n,d
0,n,d
1,f,d
0,n,d
1,f,d
0,n,d
0,n,d
0,n,d
1,f,p
0,n,d
0,n,d
1,f,d
0,n,d
1,c,d
0,n,d
1,c,d
0,n,d
1,c,d
0,n,d
0,n,d
0,n,d
0,n,d
1,c,d
0,n,d
0,n,d
1,c,d
0,n,d
1,c,d
0,n,d
1,f,g
0,n,d
1,f,g
0,n,d
0,n,d
0,n,d
1,c,d
1,f,p
0,n,d
0,n,d
0,n,d
0,n,d
0,n,d
0,n,d
1,f,d
0,n,d
0,n,d
0,n,d
1,c,d
0,n,d
0,n,d
1,f,g
0,n,d
1,c,d
0,n,d
1,c,d
1,f,d
1,f,d
0,n,d
0,n,d
0,n,d
0,n,d
1,f,p
0,n,d
0,n,d
1,f,g
0,n,d
1,c,d
0,n,d
0,n,d
0,n,d
0,n,d
0,n,d
0,n,d
1,c,d
0,n,d
1,f,g
0,n,d
0,n,d
0,n,d
1,c,d
1,c,d
0,n,d
0,n,d
0,n,d
0,n,d
1,f,d
1,c,d
0,n,d
0,n,d
1,c,d
1,c,d
0,n,d
1,f,d
1,c,d
1,f,d
1,c,d
0,n,d
1,c,d
0,n,d
1,c,d
1,c,d
0,n,d
1,c,d
1,c,d
0,n,d
0,n,d
1,c,d
0,n,d
1,c,d
0,n,d
1,f,d
1,f,g
0,n,d
1,f,g
0,n,d
1,f,g
1,f,p
0,n,d
0,n,d
1,c,d
0,n,d
1,f,p
1,f,d
1,f,p
1,f,g
1,c,d
1,f,d
1,f,d
1,f,p
1,f,d
1,f,d
0,n,d
1,f,g
1,f,p
1,f,g
0,n,d
0,n,d
0,n,d
1,f,g
1,f,g
1,f,d
0,n,d
1,f,g
0,n,d
0,n,d
0,n,d
1,f,d
1,f,g
1,f,g
0,n,d
1,f,d
1,f,p
1,f,g
1,f,d
1,f,p
1,f,p
1,c,d
1,f,g
0,n,d
0,n,d
1,c,d
1,f,g
1,f,g
0,n,d
0,n,d
1,f,d
0,n,d
1,f,d
1,f,g
0,n,d
1,f,g
1,f,g
1,f,g
1,f,g
1,c,d
1,c,d
1,f,p
1,f,p
1,f,d
0,n,d
1,f,u
1,f,d
0,n,d
1,f,d
1,f,p
1,f,p
1,f,g
1,f,g
1,f,p
1,f,p
1,c,d
1,f,p
1,f,p
0,n,d
0,n,d
1,f,p
1,c,d
1,f,g
1,f,g
1,c,d
0,n,d
1,f,g
1,c,d
1,f,g
1,f,p
0,n,w
1,f,g
1,f,g
1,f,g
1,f,g
0,n,d
1,f,d
1,f,d
1,f,g
1,c,d
1,c,d
1,f,g
1,f,g
1,f,g
0,n,d
1,f,d
0,n,d
1,f,p
0,n,d
0,n,d
1,f,p
1,f,d
0,n,d
1,f,p
0,n,d
0,n,d
0,n,d
1,f,p
0,n,d
1,f,d
1,f,p
1,f,d
1,f,p
1,f,d
0,n,d
0,n,d
1,f,g
1,f,d
1,f,p
1,y,p
1,f,p
1,f,g
1,c,d
1,f,g
1,f,g
1,f,d
1,f,d
1,c,d
1,f,d
0,n,d
1,f,g
1,f,d
1,f,p
1,f,g
1,f,d
0,n,d
1,f,d
0,n,d
1,f,d
1,f,p
1,f,d
1,c,d
1,f,d
0,n,d
1,c,d
1,f,d
1,f,d
1,c,d
1,f,d
1,f,p
0,n,d
1,f,p
1,f,p
1,c,d
1,c,d
0,n,d
1,f,g
0,n,d
0,n,d
1,f,d
1,f,g
1,f,d
1,f,d
1,f,p
0,n,d
1,f,p
1,f,p
1,f,p
1,f,p
0,n,d
0,n,d
1,f,g
0,n,d
0,n,d
1,f,g
1,f,g
1,f,d
1,f,p
1,f,p
1,f,d
1,f,p
1,f,p
1,f,p
0,n,d
1,f,d
0,n,d
1,f,d
1,f,d
0,n,d
0,n,d
1,f,g
0,n,d
0,n,d
1,f,p
1,c,d
1,f,d
1,y,d
1,f,p
1,f,d
0,n,d
1,f,l
0,n,d
1,n,m
0,n,d
1,f,g
0,n,d
1,f,p
1,f,g
1,f,g
0,n,d
1,f,p
1,f,g
1,f,d
1,f,p
1,f,g
1,f,g
1,f,p
0,n,d
1,f,d
1,f,g
0,n,d
1,f,p
1,f,p
0,n,d
1,f,p
0,n,d
1,f,g
1,f,d
1,f,d
1,c,d
0,n,d
1,f,g
1,f,d
1,f,p
0,n,d
1,f,d
1,f,d
0,n,d
0,n,d
1,f,u
1,f,p
1,f,p
1,f,p
1,f,d
1,f,d
1,f,p
0,n,d
1,f,g
1,f,g
1,f,p
0,n,d
0,n,d
0,n,d
1,f,g
1,f,p
0,n,d
1,f,g
0,n,d
1,f,p
1,f,d
1,f,d
0,n,l
1,f,d
1,f,g
1,f,g
1,f,g
1,f,u
1,f,d
1,f,g
1,f,p
1,f,p
1,f,d
0,n,d
1,f,p
1,f,p
0,n,d
1,f,p
1,f,d
1,f,d
0,n,d
1,f,g
1,f,p
0,n,d
0,n,d
1,f,d
1,f,p
1,f,d
1,f,p
1,f,p
1,f,g
1,f,u
0,n,d
1,y,d
0,n,d
1,c,d
1,c,d
1,y,l
1,f,p
1,f,g
1,f,u
1,f,p
1,f,d
1,f,p
1,f,d
1,f,d
1,f,g
1,f,g
1,f,g
1,f,g
1,f,g
1,f,g
1,f,g
1,f,u
1,f,g
1,f,g
1,f,d
1,f,d
1,f,d
1,f,p
1,f,p
0,n,d
1,f,d
1,f,d
1,f,p
1,f,g
1,f,p
1,f,d
1,f,p
1,f,u
1,f,g
1,f,d
1,f,p
1,f,d
1,f,d
1,f,p
1,f,g
1,f,p
1,f,g
1,f,d
1,f,d
1,f,d
1,f,g
1,f,g
1,f,g
1,f,d
1,f,d
1,f,g
1,f,g
1,f,g
0,n,d
1,f,p
1,f,p
1,f,g
1,f,p
1,f,d
1,f,p
1,f,g
1,f,p
1,c,d
1,f,d
1,f,g
1,f,g
1,f,g
1,f,g
1,f,d
1,f,g
1,f,p
1,f,d
1,f,d
1,f,p
1,f,d
1,f,p
0,n,l
1,f,p
1,f,g
1,f,g
1,f,d
1,f,p
1,f,g
0,n,w
1,f,p
1,f,d
1,f,d
1,f,p
1,f,d
1,f,g
1,f,g
0,n,w
1,f,d
1,f,p
1,f,p
1,f,g
1,f,p
1,f,p
1,f,g
1,f,g
1,f,d
1,f,d
1,f,g
1,f,d
1,f,g
0,n,d
1,f,d
1,f,d
1,f,g
1,f,g
1,f,g
1,f,p
1,f,d
1,f,g
1,f,p
1,f,g
1,f,d
1,f,g
1,f,d
1,f,g
1,f,g
1,f,g
1,f,p
1,f,g
1,f,g
1,f,p
0,n,d
1,f,g
1,f,d
1,s,p
1,f,d
1,n,d
1,f,d
1,f,d
1,f,g
1,f,g
1,f,d
1,f,d
1,f,d
1,f,g
1,f,g
0,n,d
1,f,p
1,f,g
1,f,g
1,f,p
1,f,g
1,f,g
1,f,g
1,f,u
1,f,g
1,f,p
1,f,p
1,f,d
1,f,d
1,f,g
1,f,g
0,n,w
1,f,d
1,f,d
1,f,d
1,f,p
1,f,d
1,f,g
1,n,l
1,f,u
1,f,p
1,f,d
1,f,p
1,f,p
1,f,d
1,f,d
1,f,g
1,f,g
1,f,u
0,n,d
1,y,d
1,f,d
1,f,g
0,n,d
0,n,w
1,f,g
1,f,d
1,f,p
1,f,g
1,f,g
1,f,g
1,f,g
1,f,g
1,f,g
1,f,g
1,f,p
1,f,g
1,f,d
1,f,d
1,f,p
0,n,d
1,f,g
1,f,g
1,f,g
1,f,g
1,f,g
1,f,g
1,f,d
1,f,g
1,f,d
1,f,p
1,f,p
1,f,g
1,f,d
0,n,d
1,f,u
1,f,d
1,f,p
1,f,g
1,f,p
1,f,d
0,n,d
1,f,g
0,n,w
1,f,g
1,f,d
1,f,g
1,f,p
0,n,d
1,f,d
1,f,g
1,f,d
1,f,g
1,y,d
1,f,p
1,f,g
1,f,p
1,f,d
1,f,p
1,f,g
1,f,d
1,f,g
1,c,d
1,f,g
1,f,u
1,f,g
1,f,p
1,f,d
0,n,d
1,f,d
1,f,g
1,f,p
1,f,g
1,f,d
1,f,p
0,n,d
1,f,g
1,f,g
1,f,p
1,f,g
1,f,p
1,f,g
1,f,g
0,n,w
1,f,p
1,s,d
1,f,p
1,f,p
1,f,g
1,f,d
1,f,g
1,f,g
1,f,d
1,f,u
1,f,g
1,f,p
1,f,g
1,f,p
1,f,g
1,f,g
1,f,p
1,f,p
1,f,p
1,f,p
0,n,d
1,f,d
1,f,p
1,f,g
1,f,g
1,f,d
1,f,p
1,f,d
1,f,d
1,f,d
1,f,d
0,n,l
1,f,g
1,f,p
1,n,d
1,f,p
1,f,g
0,n,w
1,y,p
1,c,d
1,f,d
1,f,g
1,f,d
1,f,g
1,f,g
1,f,d
1,f,d
1,f,g
1,f,g
1,f,d
1,f,p
1,f,p
1,f,p
1,f,d
1,f,p
1,f,d
1,f,g
1,f,g
1,f,d
0,n,w
1,f,d
1,f,d
1,s,l
1,f,d
1,f,p
1,f,d
1,f,g
1,f,d
1,f,g
1,f,p
1,f,p
1,f,g
1,f,g
0,n,d
0,n,w
1,f,d
1,f,p
1,f,g
1,f,d
1,f,g
1,f,g
1,f,g
1,f,g
1,f,d
1,f,d
1,f,g
1,f,g
1,f,g
1,f,g
1,n,m
1,f,p
1,f,p
1,f,g
1,f,d
1,f,p
1,f,d
0,n,d
0,n,d
1,f,d
1,f,g
1,f,d
1,f,d
1,f,p
1,f,d
1,f,p
1,f,g
1,f,p
1,f,g
1,f,p
1,f,p
0,n,d
1,f,d
1,f,d
1,f,p
1,f,p
1,f,p
1,f,d
1,f,g
1,f,d
1,f,d
1,f,d
1,f,p
1,f,p
1,c,d
1,f,d
1,f,p
1,f,d
1,f,g
1,f,d
1,f,d
1,f,p
1,f,g
1,f,g
1,f,p
1,f,d
1,f,g
1,f,p
1,f,d
1,f,g
1,f,d
1,f,d
1,f,g
1,f,d
1,f,g
1,f,d
1,f,d
1,f,d
1,f,d
1,f,d
1,f,g
1,y,d
0,n,w
1,f,g
1,f,d
1,f,d
1,f,d
1,f,p
1,f,d
1,f,p
1,f,p
1,f,g
1,f,d
1,f,p
1,f,g
1,f,g
1,f,d
1,f,d
1,f,p
1,c,d
1,f,g
0,n,d
1,f,p
1,f,d
1,f,g
0,n,d
1,f,d
1,f,p
1,f,p
1,f,p
1,f,d
1,f,g
1,f,u
1,f,d
1,f,g
1,f,p
1,f,p
1,f,d
0,n,d
1,f,d
1,f,g
1,f,g
1,f,g
0,n,d
1,f,p
1,f,d
1,f,p
1,f,g
1,f,d
1,f,p
1,f,p
1,f,g
1,f,u
0,n,w
0,n,d
1,f,g
1,f,d
1,f,p
1,f,d
1,f,p
1,f,g
1,f,g
1,f,p
1,f,p
0,n,w
1,f,p
1,f,p
1,f,p
1,f,g
1,f,d
1,f,d
1,f,p
1,f,g
1,f,d
1,f,p
1,f,d
1,f,p
1,f,p
1,f,d
1,f,g
1,f,d
1,f,g
1,f,d
1,f,p
1,f,g
1,f,p
1,f,p
0,n,d
1,f,d
1,f,p
1,f,g
1,f,p
1,f,p
1,c,d
1,f,d
1,f,u
1,f,g
1,f,d
1,f,g
1,n,g
1,f,u
1,f,g
1,f,g
1,f,g
1,f,p
1,f,p
1,f,p
1,f,p
0,n,d
1,f,g
0,n,d
1,f,g
1,f,g
1,f,l
1,f,g
1,f,d
1,f,g
1,f,p
1,f,g
1,f,d
1,f,g
1,f,p
1,f,g
0,n,d
1,f,g
0,n,d
1,f,d
1,f,p
1,f,p
1,f,p
1,f,d
1,f,d
1,f,p
1,f,g
1,f,d
1,f,p
1,f,d
1,f,d
1,f,p
1,f,d
1,c,d
1,f,d
1,f,d
1,f,g
1,f,d
1,f,p
1,f,p
1,f,d
1,f,d
1,f,g
1,f,d
1,f,d
1,f,d
1,f,d
1,f,d
1,f,g
1,f,g
1,f,d
1,f,p
1,f,g
1,f,p
1,f,d
1,f,d
1,f,p
1,f,p
1,f,d
1,f,d
1,f,p
0,n,w
1,f,d
1,c,d
1,f,g
1,f,p
1,f,g
0,n,d
1,f,d
1,f,g
1,f,g
1,f,g
0,n,d
1,f,p
1,f,p
1,f,p
1,f,d
1,f,d
1,f,g
1,f,g
1,f,g
1,f,p
1,f,g
0,n,d
1,f,g
1,f,p
1,f,g
1,f,g
1,f,g
1,f,d
0,n,w
1,f,p
1,f,g
1,f,d
1,f,d
1,f,g
0,n,w
1,f,g
1,n,d
1,f,d
1,f,p
1,s,p
1,f,d
1,f,p
1,f,g
1,f,d
1,f,g
1,f,g
0,n,w
1,f,d
1,n,d
1,f,d
1,f,u
1,f,d
1,f,g
0,n,w
1,f,p
1,f,p
0,n,l
1,c,d
1,f,g
1,f,p
1,f,d
1,f,p
1,n,g
1,f,g
0,n,d
1,n,m
0,n,w
1,f,g
0,n,w
1,f,p
1,f,u
1,f,d
1,f,d
1,f,d
1,f,p
1,f,d
1,f,d
1,f,p
1,f,p
1,f,p
0,n,w
0,n,w
0,n,w
1,f,d
0,n,d
1,f,p
1,f,g
1,f,g
1,f,p
1,f,d
1,f,g
1,f,l
1,f,p
0,n,w
0,n,d
1,f,g
1,f,p
1,f,d
0,n,d
1,f,p
1,f,p
1,f,p
1,f,d
1,f,d
1,n,m
1,f,p
1,f,d
1,f,g
1,f,g
1,f,p
0,n,w
1,f,g
1,f,g
1,f,p
1,f,g
1,f,u
1,c,d
1,f,p
1,f,g
1,f,p
0,n,d
0,n,d
1,f,d
1,f,p
1,f,g
1,y,p
1,y,l
1,f,d
1,f,g
1,f,d
1,f,g
1,f,d
1,f,p
0,n,w
1,f,p
1,f,p
1,f,g
1,f,g
1,f,d
1,f,p
1,f,u
1,f,g
1,f,g
1,c,d
1,f,p
0,n,d
1,f,g
1,f,p
0,n,w
1,f,g
1,f,d
1,f,g
0,n,l
0,n,w
1,f,p
1,f,g
1,f,g
1,f,g
1,f,p
1,f,g
1,s,p
0,n,w
1,f,d
1,f,p
1,f,p
1,f,d
1,f,g
0,n,w
1,n,d
1,f,d
1,f,d
1,f,p
1,f,u
0,n,w
1,f,u
1,f,p
1,f,p
1,f,p
1,f,g
1,f,d
1,f,u
1,f,p
1,f,d
1,f,g
1,f,d
1,f,u
0,n,w
0,n,w
0,n,w
1,n,g
1,f,p
1,f,p
1,f,g
1,f,d
1,f,p
1,f,d
1,f,d
1,f,d
1,f,g
1,f,g
1,f,d
1,f,p
1,f,g
1,f,d
1,f,p
1,f,p
0,n,d
1,f,g
1,y,l
1,f,g
1,f,p
1,f,g
1,f,d
1,f,d
1,f,p
0,n,w
1,f,p
1,f,d
0,n,w
1,f,p
1,f,d
1,f,p
1,f,d
1,n,d
1,n,g
1,f,d
1,f,d
0,n,d
1,f,g
1,f,g
1,f,g
1,f,d
0,n,w
1,f,g
1,f,g
1,f,p
1,f,p
0,n,w
1,f,d
1,f,p
1,f,d
1,f,p
1,f,u
1,c,d
1,f,d
0,n,d
1,f,d
1,f,d
1,f,g
1,f,p
1,f,u
1,f,d
1,f,p
1,f,d
1,f,d
1,f,g
1,f,d
1,f,g
1,f,p
1,f,g
1,f,d
1,f,p
1,f,p
1,s,l
1,f,p
1,f,p
1,f,g
1,f,d
1,f,p
1,f,p
1,f,d
1,f,d
1,f,d
1,y,l
0,n,w
0,n,w
1,f,d
1,f,p
1,f,g
1,f,g
1,f,u
1,f,p
1,f,u
1,f,p
1,f,p
1,f,u
1,f,g
1,f,u
1,f,d
1,f,p
1,f,g
1,f,p
0,n,d
0,n,w
1,f,g
1,f,g
1,y,l
1,f,p
1,f,p
1,f,p
1,f,d
0,n,d
1,f,g
1,f,d
1,f,p
1,f,g
1,f,p
1,n,d
1,f,g
0,n,l
1,f,p
1,f,p
1,f,d
1,f,p
1,f,g
1,f,d
1,f,d
1,f,p
1,f,d
1,n,g
0,n,w
1,f,p
1,f,g
0,n,w
1,f,d
1,f,u
1,s,p
1,y,d
1,y,p
1,n,l
1,f,u
0,n,l
1,f,g
1,f,d
1,f,p
0,n,w
1,f,g
1,f,g
1,y,p
0,n,l
1,f,u
1,f,g
1,f,u
1,f,g
0,n,l
1,f,d
1,f,g
1,f,u
1,n,l
1,f,u
1,n,l
1,f,g
1,f,u
1,n,d
1,s,d
1,y,d
0,n,w
0,n,w
1,f,g
1,n,m
1,f,p
1,f,g
1,n,g
1,f,p
1,y,p
1,f,d
0,n,w
1,f,l
1,f,g
1,y,d
0,n,l
1,f,p
0,n,w
0,n,w
1,f,p
1,n,m
1,n,d
1,y,l
1,f,g
1,f,g
1,f,p
1,f,g
1,f,l
1,f,g
1,n,d
0,n,w
1,f,g
1,f,g
0,n,w
1,f,p
1,n,d
0,n,w
1,f,g
1,f,g
1,f,g
1,f,g
1,f,d
0,n,w
0,n,w
1,n,g
0,n,l
0,n,w
1,f,u
1,f,g
1,f,d
1,f,u
1,f,g
0,n,l
1,y,d
1,f,d
0,n,d
1,f,p
1,n,g
1,f,u
1,s,d
0,n,w
1,f,l
1,f,p
1,f,u
0,n,w
1,f,p
1,f,g
1,f,d
1,f,g
1,f,p
1,f,d
1,f,d
1,n,d
0,n,w
1,f,g
1,y,l
1,f,u
0,n,w
1,f,p
1,y,d
1,f,u
1,f,g
1,n,m
0,n,w
1,f,u
1,y,d
0,n,w
1,f,d
0,n,w
1,f,u
0,n,w
1,n,d
1,f,g
1,f,p
1,f,d
1,f,u
1,f,l
0,n,w
0,n,l
1,f,g
0,n,w
1,f,p
1,f,d
1,f,u
1,n,l
0,n,l
1,n,d
1,f,g
1,n,d
1,f,d
0,n,w
1,f,p
1,y,p
1,f,d
1,f,p
1,n,g
1,f,g
1,f,g
1,f,g
0,n,w
1,f,p
1,f,g
1,n,m
1,f,g
0,n,w
1,f,u
1,n,d
1,f,g
1,f,d
1,n,d
1,f,u
0,n,w
1,f,d
1,y,d
1,y,l
1,f,u
0,n,w
1,f,g
0,n,w
1,f,u
0,n,l
1,s,l
1,f,g
1,f,u
1,n,d
1,n,m
1,f,p
0,n,w
1,n,l
1,f,u
0,n,d
0,n,d
0,n,w
1,f,g
1,y,d
1,f,p
1,f,g
1,f,g
0,n,w
1,y,d
1,f,g
1,f,d
0,n,w
1,f,g
1,s,l
1,f,g
0,n,l
1,f,g
1,f,p
0,n,d
1,f,p
1,f,l
1,s,l
0,n,w
1,f,u
0,n,w
0,n,w
1,f,p
1,n,d
1,s,p
0,n,w
1,f,g
1,f,g
0,n,w
1,n,m
0,n,l
1,f,p
1,f,g
1,s,l
1,f,u
1,f,u
1,f,p
0,n,d
1,s,l
1,f,g
1,y,l
1,f,g
1,f,d
1,f,u
1,n,d
1,f,u
1,f,u
0,n,l
1,f,u
1,s,p
1,n,g
1,f,p
0,n,w
1,n,g
1,n,d
1,f,p
0,n,l
0,n,l
1,y,l
1,f,u
1,f,u
1,f,g
1,f,g
0,n,d
1,f,d
1,f,u
1,f,p
1,f,g
1,f,u
1,f,u
1,f,p
1,f,p
1,f,d
1,n,d
0,n,w
1,f,d
1,f,u
1,y,l
1,f,d
1,f,d
1,f,u
1,n,m
1,f,g
0,n,w
1,f,g
1,f,g
1,f,g
1,f,d
1,n,m
1,f,u
0,n,w
1,s,p
1,f,p
1,f,u
0,n,w
1,f,u
0,n,l
0,n,w
0,n,l
0,n,w
1,f,u
0,n,w
0,n,w
1,f,g
0,n,w
1,f,g
1,n,d
1,f,u
1,f,g
1,f,p
1,n,d
1,f,p
1,f,p
0,n,l
1,y,d
1,f,g
1,f,p
1,n,g
1,f,d
1,f,g
1,f,p
1,f,g
1,f,u
1,y,p
1,f,p
0,n,w
1,f,g
0,n,w
0,n,w
0,n,w
1,f,u
1,f,d
0,n,w
0,n,w
1,f,d
1,n,m
1,f,u
1,f,g
1,f,g
1,f,p
1,f,g
1,f,u
0,n,d
1,f,g
1,f,d
1,f,g
0,n,l
1,f,u
0,n,d
1,f,p
1,f,g
1,n,m
1,y,d
1,s,l
1,f,p
0,n,w
1,f,g
1,f,g
1,y,p
1,f,u
1,y,p
1,f,g
1,f,u
1,f,g
1,f,p
1,f,p
1,f,g
1,f,g
1,f,u
1,f,u
1,f,u
1,f,g
1,f,g
1,s,d
1,f,g
0,n,w
1,n,m
1,y,p
0,n,w
1,f,u
1,f,u
1,y,d
1,f,g
1,y,l
1,n,g
1,y,d
1,f,p
1,f,d
1,f,g
1,n,m
1,f,g
0,n,w
1,f,g
0,n,w
1,f,u
1,y,p
1,f,d
1,f,p
1,f,p
0,n,w
1,f,p
1,s,d
1,f,g
1,f,d
0,n,w
1,n,m
1,n,m
1,f,p
1,f,g
0,n,d
1,f,g
1,f,g
1,f,u
1,y,p
0,n,w
0,n,w
0,n,w
1,f,g
1,f,g
1,y,l
1,n,l
1,f,g
1,f,g
1,y,l
1,f,g
1,s,d
0,n,w
0,n,d
1,f,g
1,y,d
1,f,d
1,s,l
1,f,u
1,s,d
0,n,l
1,f,u
1,f,p
0,n,w
1,n,m
1,f,p
0,n,d
1,f,l
1,y,p
1,f,g
1,f,d
1,f,d
0,n,w
1,f,l
0,n,w
0,n,w
0,n,w
1,f,g
0,n,w
1,f,g
1,f,d
1,f,g
0,n,w
1,f,u
0,n,l
0,n,l
1,n,m
1,y,p
1,f,u
0,n,d
1,f,g
0,n,d
1,y,p
1,f,u
0,n,w
0,n,w
1,s,p
1,f,p
1,f,g
1,f,p
0,n,w
0,n,w
1,f,u
1,f,g
1,n,m
1,f,p
1,f,g
0,n,w
0,n,w
1,n,m
1,f,d
1,y,d
1,f,g
1,f,g
1,s,p
1,n,g
0,n,l
1,f,d
1,f,u
1,f,d
0,n,l
1,y,p
1,f,u
1,y,d
0,n,d
1,n,m
0,n,w
1,y,l
1,f,p
1,f,g
1,f,p
1,n,m
1,s,p
1,s,d
0,n,w
1,f,u
0,n,l
0,n,d
1,y,l
0,n,l
1,f,d
1,s,d
0,n,w
1,n,m
1,f,l
1,f,g
0,n,l
1,f,g
1,n,g
1,f,g
0,n,w
1,f,d
1,s,l
1,y,p
1,f,g
1,n,g
1,f,u
0,n,w
0,n,l
1,f,u
0,n,w
0,n,w
0,n,w
1,f,g
1,f,g
1,f,p
0,n,w
1,f,g
0,n,l
1,f,d
1,f,d
1,n,g
1,y,p
1,f,p
1,f,p
1,n,g
0,n,w
1,f,p
0,n,w
1,n,d
1,f,p
1,f,g
1,y,p
0,n,w
1,f,u
1,f,g
1,f,d
0,n,w
1,f,g
1,f,p
0,n,w
0,n,w
1,f,g
1,f,g
1,f,d
1,f,u
1,f,g
1,n,d
1,f,g
0,n,w
1,f,g
1,f,u
0,n,l
1,f,g
0,n,l
1,f,p
1,y,p
0,n,w
1,f,g
1,f,d
1,f,g
1,y,d
0,n,d
1,f,p
1,f,g
1,f,g
1,f,g
0,n,w
1,n,d
0,n,d
1,y,l
0,n,w
1,f,u
1,f,d
0,n,w
0,n,l
1,f,u
1,f,p
1,y,l
0,n,w
0,n,w
1,f,g
1,y,d
0,n,w
1,f,g
1,s,d
0,n,w
1,f,d
1,f,p
1,f,p
0,n,l
1,n,g
0,n,w
1,f,u
1,f,g
1,f,g
1,f,u
1,y,p
1,f,u
0,n,w
1,f,g
1,y,p
0,n,d
0,n,w
1,f,u
1,n,l
1,f,g
1,s,p
0,n,w
1,y,d
1,s,p
1,f,g
0,n,w
1,f,g
1,n,m
0,n,l
1,f,u
1,f,g
1,f,g
0,n,w
0,n,w
0,n,d
0,n,w
1,f,u
1,y,d
0,n,w
1,n,g
1,f,u
1,f,g
0,n,w
1,f,g
0,n,w
1,n,m
1,s,d
1,f,p
1,f,u
0,n,l
1,f,u
1,f,g
1,n,m
1,n,g
1,f,g
0,n,w
1,s,l
1,f,g
0,n,w
1,f,l
1,f,u
1,n,g
1,y,l
1,f,u
1,f,u
0,n,d
1,f,g
1,f,u
0,n,d
1,s,d
0,n,w
1,f,d
1,y,l
1,f,u
0,n,d
1,n,g
1,f,u
0,n,l
0,n,d
1,f,u
0,n,d
1,y,l
0,n,w
1,n,m
1,n,d
1,f,p
1,f,g
1,f,g
0,n,w
1,n,g
1,n,m
1,s,l
1,f,u
1,f,p
1,n,g
0,n,l
1,f,g
1,f,p
1,f,g
1,f,u
1,y,l
1,n,d
1,f,p
1,f,g
1,f,g
0,n,l
1,f,g
1,f,u
0,n,w
1,f,u
1,f,d
1,f,d
1,f,g
1,f,g
1,f,g
0,n,l
1,s,l
0,n,w
1,y,l
1,f,g
1,y,l
0,n,w
1,f,p
1,f,u
0,n,w
1,f,d
1,f,d
0,n,w
1,f,g
0,n,w
1,f,d
1,f,g
1,s,p
1,f,g
1,n,g
1,s,d
0,n,d
0,n,d
1,f,p
1,f,u
0,n,d
1,n,g
1,f,d
1,f,g
1,f,p
1,f,g
1,f,d
1,f,g
0,n,d
1,f,g
0,n,w
1,s,d
1,f,g
1,f,g
1,n,m
1,f,d
1,n,m
1,f,g
1,f,d
0,n,w
0,n,w
1,f,l
0,n,w
1,n,m
0,n,w
1,y,p
0,n,w
1,f,u
1,n,g
1,s,l
1,y,l
1,f,g
1,f,l
1,s,d
1,f,u
0,n,w
0,n,d
1,f,p
1,f,g
1,s,l
1,f,u
1,f,g
1,f,g
1,n,g
0,n,w
1,y,d
1,f,p
0,n,w
1,f,g
1,f,u
1,f,u
1,f,d
1,f,p
1,f,u
0,n,w
0,n,w
0,n,d
1,f,u
1,f,u
0,n,w
1,f,g
1,s,l
1,n,g
1,f,d
0,n,l
1,f,d
1,f,u
0,n,w
0,n,w
1,f,g
1,f,p
1,f,g
1,f,p
1,f,u
0,n,w
0,n,w
1,f,g
0,n,w
0,n,w
1,f,u
1,f,u
1,f,p
1,f,u
1,f,g
1,f,g
1,f,d
1,f,p
1,f,p
1,n,m
1,f,l
1,n,g
0,n,w
1,y,p
1,y,p
1,f,p
1,f,g
1,n,d
1,f,u
0,n,w
0,n,w
0,n,w
1,n,m
1,f,g
1,f,g
1,f,g
1,s,p
1,n,g
1,f,u
1,n,g
0,n,d
0,n,l
1,f,p
1,f,g
1,f,g
0,n,w
1,f,p
1,n,d
1,s,p
1,f,d
1,f,g
1,f,g
1,f,d
0,n,w
0,n,l
1,n,g
1,n,d
1,f,g
1,s,p
1,f,d
1,f,d
1,f,g
0,n,d
1,y,p
1,n,m
1,y,l
1,f,g
1,f,u
0,n,w
1,f,g
0,n,l
1,f,d
0,n,d
1,f,u
1,n,g
1,f,d
1,f,g
1,f,l
1,f,g
1,f,g
1,f,u
1,s,d
1,f,d
1,f,d
1,n,g
1,f,g
1,y,l
1,f,d
0,n,w
0,n,d
1,f,u
1,f,g
1,f,p
1,s,d
1,f,d
1,f,p
1,f,p
1,s,d
1,y,l
1,y,p
1,s,l
1,f,p
1,f,d
1,s,l
1,s,l
1,f,d
1,y,l
1,f,p
1,y,p
1,f,p
1,s,d
1,y,p
1,f,l
1,y,d
1,s,l
1,y,p
1,y,d
1,s,p
1,y,d
1,y,l
1,s,d
1,y,l
1,s,p
1,s,p
1,s,l
1,f,p
1,s,d
1,s,p
1,f,l
1,y,l
0,n,l
1,y,d
0,n,l
1,y,d
1,s,l
1,y,p
1,y,l
1,y,l
1,f,d
1,s,d
1,y,d
1,f,d
1,s,p
1,f,l
1,s,d
1,y,l
1,f,l
1,y,d
1,f,d
1,y,p
1,f,d
1,s,l
1,f,l
1,f,d
1,s,l
1,f,l
1,s,p
1,s,l
1,f,p
1,s,p
0,n,g
1,y,p
1,f,d
1,f,d
1,s,l
1,s,l
1,s,l
1,f,d
1,y,l
1,f,p
1,s,p
1,s,l
1,y,l
1,y,d
1,s,l
1,s,p
1,y,l
1,s,d
1,y,d
1,s,l
1,y,l
1,s,d
1,f,l
1,y,l
1,f,d
1,f,l
1,y,l
1,f,l
1,f,p
1,y,p
1,y,d
1,f,l
1,f,p
1,s,p
1,f,d
1,s,l
1,y,d
1,y,l
1,s,l
1,y,l
1,s,l
1,f,p
1,y,p
1,s,l
1,f,p
1,f,l
1,f,d
1,s,l
1,s,l
1,f,l
1,f,l
1,s,p
0,n,p
1,y,p
1,y,d
1,y,l
1,s,p
1,y,l
1,s,l
1,f,l
1,f,l
1,y,d
1,f,d
1,f,p
1,y,l
1,y,p
1,s,l
1,f,p
1,s,d
1,y,d
1,y,p
1,f,l
1,s,p
1,y,l
0,n,g
1,s,l
1,f,p
1,s,l
1,y,l
0,n,g
1,s,p
1,s,p
1,s,d
1,f,d
1,f,p
1,f,p
1,s,p
1,y,d
1,f,d
1,f,d
1,f,d
1,s,d
1,f,d
1,s,l
1,s,d
1,s,d
1,y,d
1,y,d
1,f,d
1,y,p
1,y,l
1,y,d
1,y,l
1,f,p
1,f,l
1,f,l
1,f,p
1,f,p
1,f,l
1,f,p
1,s,d
1,y,l
1,f,l
1,s,d
1,f,d
1,s,p
1,s,l
1,y,p
1,f,d
1,s,p
1,s,d
1,s,l
1,s,p
1,f,l
1,f,l
1,f,p
0,n,g
1,s,p
1,s,d
1,s,l
1,y,p
1,y,d
1,f,l
1,f,d
1,f,p
0,n,g
1,s,p
1,f,p
1,y,l
1,s,l
1,y,l
1,y,d
1,f,p
1,y,p
1,f,p
1,s,d
0,n,g
1,s,l
1,f,l
1,f,l
1,s,p
0,n,g
1,s,d
1,y,p
1,f,p
1,s,l
1,f,p
1,y,d
1,s,p
1,f,p
1,s,d
1,y,d
1,y,d
1,y,l
1,y,l
1,y,l
1,f,l
1,f,p
1,f,d
1,s,d
1,y,d
1,y,d
1,s,l
1,f,d
1,f,d
1,y,l
1,y,l
1,f,d
1,s,l
1,s,d
1,f,l
1,y,p
1,s,d
1,s,p
1,f,d
1,s,p
1,s,d
1,y,d
1,y,l
1,s,d
1,s,l
1,y,l
1,f,p
0,n,g
1,y,l
1,s,d
1,y,d
1,s,l
1,s,p
1,y,p
1,s,p
1,y,d
1,f,p
1,s,d
1,s,p
1,f,l
1,s,l
1,y,d
1,s,p
1,f,l
1,f,p
0,n,g
1,s,p
1,y,l
1,f,d
1,f,p
1,y,l
1,s,d
1,f,d
1,f,d
1,f,l
1,s,d
1,y,l
1,s,p
1,s,d
1,s,l
1,y,p
1,f,p
1,f,l
1,f,p
1,y,p
1,y,p
1,s,d
1,y,p
1,f,l
1,s,d
1,s,d
1,f,p
1,f,p
1,f,l
1,y,d
1,f,p
1,f,l
1,f,p
1,f,l
1,s,d
1,f,d
1,y,d
1,f,p
1,y,d
1,f,p
1,y,l
1,f,p
1,y,p
1,f,l
1,s,p
1,s,p
1,y,l
1,s,d
1,y,l
1,f,l
1,f,p
1,f,d
0,n,g
1,f,l
1,f,l
1,s,l
1,s,d
1,f,p
1,y,l
1,s,p
1,f,l
1,f,d
1,f,l
1,f,l
1,y,d
1,f,l
1,f,p
1,f,l
1,s,d
1,f,d
1,f,l
1,f,p
1,f,p
1,s,l
1,y,l
1,y,p
1,y,p
1,f,p
1,y,p
1,y,p
1,f,p
1,f,d
1,y,d
1,f,l
1,s,d
1,y,l
1,f,p
0,n,g
1,f,p
1,f,d
1,y,p
1,f,d
1,y,d
1,f,l
1,f,d
1,y,p
0,n,l
1,f,d
1,s,p
1,y,l
1,s,l
1,s,p
1,f,l
1,s,l
1,s,p
1,y,p
1,f,l
1,s,d
1,f,p
1,y,l
1,s,p
1,y,p
1,s,p
1,f,d
1,y,d
1,y,d
1,f,p
0,n,g
1,y,d
1,f,l
1,y,l
1,s,l
1,s,p
1,f,l
0,n,g
1,s,l
1,s,p
0,n,g
1,y,l
1,s,l
1,f,d
1,s,p
1,f,d
1,s,p
1,s,l
1,s,l
1,m,d
1,y,d
1,y,d
1,s,p
1,y,p
1,f,p
1,s,l
1,f,l
1,s,p
0,n,l
1,s,d
1,s,l
1,s,l
1,f,p
1,y,d
1,f,d
1,s,p
1,y,p
1,f,p
0,n,l
1,s,p
1,f,p
1,f,d
1,y,p
1,f,d
1,s,d
1,f,l
1,y,l
1,s,d
1,y,l
1,y,l
1,y,l
1,y,d
1,y,p
0,n,g
1,y,l
1,y,l
1,f,d
1,s,p
1,y,d
1,f,p
1,s,l
1,s,l
1,y,l
1,s,d
1,s,l
1,f,l
1,s,p
1,f,p
1,f,l
1,y,l
1,y,p
1,y,p
1,y,d
1,f,l
1,f,p
1,f,d
1,s,l
1,y,p
1,f,l
1,y,d
1,f,l
1,y,p
1,s,d
1,s,p
1,s,d
1,y,p
1,s,d
1,y,d
1,y,l
1,y,p
1,s,l
1,f,d
1,s,p
1,f,p
1,s,l
1,s,d
1,f,l
1,s,l
1,f,p
1,y,d
1,y,d
1,f,d
1,s,d
1,f,d
1,f,d
1,s,d
1,f,d
1,f,d
1,y,d
1,s,l
1,f,p
1,s,p
1,y,d
0,n,g
1,s,d
1,f,l
1,y,l
1,y,d
1,y,d
1,f,p
1,y,l
0,n,g
1,f,l
1,f,l
1,y,p
1,y,p
1,y,p
1,f,d
1,s,d
1,f,l
1,s,l
1,s,p
1,y,d
1,s,p
0,n,g
1,f,d
1,f,d
1,f,d
1,s,l
1,y,d
1,y,l
1,s,l
1,y,l
1,y,p
1,s,d
1,s,p
1,f,l
1,s,l
1,s,l
1,f,d
1,y,p
1,f,p
1,s,l
1,s,p
1,f,p
1,s,p
1,y,p
1,s,d
1,y,p
1,f,p
1,s,p
1,s,p
0,n,l
1,y,l
1,y,l
1,f,d
1,y,d
1,y,p
1,y,d
1,f,p
1,y,d
1,f,l
1,f,l
1,s,p
1,y,p
1,s,d
1,f,l
1,y,p
1,y,l
1,f,p
1,f,p
1,y,l
1,f,d
1,y,p
1,y,l
1,s,d
1,s,d
1,s,p
1,s,l
1,y,p
1,y,p
1,y,l
1,s,p
1,f,d
1,y,l
1,s,d
1,s,d
1,s,d
1,s,p
1,s,l
1,y,p
1,s,l
1,y,p
0,n,g
1,y,p
1,s,p
1,s,p
1,s,d
1,s,l
1,f,l
1,f,d
1,s,d
1,y,d
1,f,l
1,f,p
1,f,p
1,f,d
1,y,d
1,s,l
1,f,p
1,y,p
1,s,l
1,f,l
1,s,p
1,s,d
1,f,d
1,s,d
1,y,l
1,f,p
1,s,p
1,y,d
1,s,l
1,y,l
1,y,d
1,s,l
1,y,d
1,f,d
1,s,d
1,f,l
1,s,l
1,f,d
1,y,d
1,y,p
1,y,l
1,y,p
1,y,p
1,s,d
1,f,p
1,y,d
1,f,l
1,y,p
1,s,p
1,y,l
1,y,l
1,s,p
1,y,l
1,s,p
1,f,l
1,y,l
1,s,d
1,f,p
1,f,l
1,s,p
1,y,p
0,n,g
1,y,p
1,s,p
0,n,l
1,y,d
1,s,d
1,s,d
1,s,d
1,m,d
1,s,l
1,s,p
1,y,l
1,s,d
1,f,d
1,f,l
1,f,d
1,s,d
1,y,p
1,y,l
1,s,d
1,y,l
1,f,l
1,s,p
1,f,l
1,f,p
1,y,p
1,f,d
1,s,p
1,f,l
1,y,d
1,y,d
1,s,l
1,y,d
1,s,p
1,s,d
1,f,p
1,y,d
1,f,d
1,y,p
1,s,l
1,f,d
1,y,l
1,s,d
1,s,d
1,f,p
1,y,d
1,f,d
1,y,l
1,y,p
1,f,p
1,y,l
1,f,l
1,f,p
1,f,d
1,s,d
1,y,p
1,s,p
1,f,p
1,y,p
1,s,d
1,s,d
1,f,l
1,s,l
1,f,d
1,s,l
1,y,p
1,s,p
1,y,l
1,s,d
1,f,l
1,f,l
1,s,l
1,y,d
1,s,d
1,y,l
1,s,p
1,y,d
1,s,p
1,y,l
1,y,l
1,f,l
1,y,p
1,s,d
1,y,d
0,n,g
1,y,p
1,f,l
1,s,p
1,f,l
1,y,l
1,s,l
1,y,d
0,n,g
1,s,d
1,f,d
1,s,d
1,f,l
1,f,d
1,s,d
1,s,l
1,y,d
1,f,d
0,n,g
0,n,l
1,s,l
1,s,p
1,s,l
1,s,l
1,y,l
1,f,d
1,y,p
1,f,l
1,s,l
1,y,d
0,n,g
1,f,p
1,y,l
1,y,d
1,y,l
1,f,d
1,y,d
1,y,p
1,y,p
1,y,p
1,f,d
1,s,l
1,f,d
1,s,l
1,f,d
1,s,l
1,f,p
1,s,l
1,s,l
1,s,d
1,y,l
1,s,l
1,f,l
1,f,l
1,y,p
1,f,l
1,y,l
1,s,p
1,y,p
1,f,l
1,s,d
1,f,l
1,y,d
1,y,l
1,s,p
1,y,d
1,f,l
1,f,p
1,f,p
1,y,p
1,s,p
1,y,l
1,f,d
1,s,p
1,f,l
1,y,d
1,y,p
1,s,l
1,y,l
1,y,p
1,y,p
1,s,d
1,f,l
0,n,g
1,y,d
1,y,p
1,s,p
1,s,p
1,s,p
1,f,l
1,f,l
1,f,p
1,f,l
1,f,p
1,f,p
1,f,l
1,s,p
1,y,d
1,f,p
1,s,p
1,s,p
1,s,d
1,y,l
1,s,l
1,f,l
0,n,l
1,f,d
1,s,l
1,s,d
1,f,d
1,f,p
1,m,d
1,f,p
1,s,l
1,y,d
1,f,p
0,n,g
1,y,l
1,y,d
1,y,p
1,s,d
1,y,l
1,y,p
1,f,d
1,f,p
1,f,p
1,f,l
1,y,l
1,y,d
1,y,d
1,s,p
1,f,l
1,y,l
1,y,d
1,f,d
1,f,l
1,f,p
1,f,l
1,y,d
1,f,d
0,n,g
1,y,d
1,y,d
1,s,d
1,s,p
1,f,l
1,s,l
1,s,p
1,f,p
1,s,d
1,s,p
1,s,l
1,f,p
1,y,p
1,y,d
1,f,p
0,n,l
1,y,p
1,y,l
1,f,p
0,n,p
0,n,l
0,n,g
0,n,g
1,s,d
1,f,p
0,n,l
1,s,d
1,n,l
1,f,d
0,n,g
1,f,p
1,s,p
1,s,d
1,y,p
1,s,d
0,n,g
1,s,p
1,y,d
1,f,l
0,n,g
1,s,d
1,y,p
0,n,l
0,n,p
1,y,d
1,y,l
1,s,l
0,n,g
1,f,p
1,y,l
1,y,l
1,f,d
0,n,g
0,n,g
1,y,l
1,y,l
0,n,p
1,s,d
1,y,l
1,s,l
1,m,d
1,f,d
1,s,p
1,s,l
1,f,l
1,f,l
1,f,p
0,n,g
1,s,d
1,f,p
1,y,d
1,s,l
1,s,l
0,n,g
1,f,p
1,s,l
1,s,l
1,s,d
1,y,l
1,s,l
1,y,p
1,f,d
0,n,d
1,f,p
1,f,d
0,n,d
1,f,d
1,y,l
1,s,p
1,s,p
0,n,g
1,f,d
1,y,p
1,f,l
1,f,p
1,y,l
1,f,p
1,s,l
1,f,d
0,n,p
1,y,p
1,f,p
1,f,p
1,s,l
0,n,l
0,n,g
1,m,d
1,y,l
1,y,d
0,n,l
1,s,d
1,s,d
0,n,g
0,n,g
0,n,l
1,s,d
1,s,l
1,s,p
0,n,g
0,n,g
0,n,g
1,f,l
1,s,p
0,n,g
0,n,g
1,f,d
0,n,g
1,s,p
1,f,p
1,f,d
0,n,g
0,n,g
1,y,p
1,f,d
0,n,g
0,n,g
1,s,d
0,n,p
1,y,d
1,y,p
0,n,l
0,n,l
1,s,l
1,y,d
1,s,d
1,y,d
1,y,l
0,n,g
0,n,l
1,m,d
0,n,g
0,n,l
0,n,l
1,s,p
0,n,g
0,n,g
0,n,l
1,y,d
1,s,l
1,s,d
1,y,p
0,n,g
1,s,d
1,s,p
1,s,l
0,n,g
0,n,l
1,f,l
1,s,p
0,n,l
1,y,d
1,y,p
1,s,l
1,s,p
1,s,p
1,y,d
1,s,d
1,y,d
0,n,p
1,y,d
1,m,d
1,f,l
0,n,g
1,f,d
1,y,p
1,s,p
1,y,d
1,f,d
0,n,p
1,f,l
1,f,d
1,y,l
1,y,l
1,f,p
0,n,l
1,s,d
1,s,p
1,f,d
1,s,p
1,f,l
1,y,l
0,n,g
1,s,p
1,s,l
0,n,g
0,n,l
1,m,d
1,s,d
1,f,l
1,f,p
1,y,l
1,y,p
1,y,l
0,n,g
1,f,p
1,m,d
1,s,p
1,s,l
0,n,g
1,y,d
1,y,p
1,f,l
1,y,p
1,f,d
1,f,d
0,n,g
1,m,d
1,y,d
1,f,p
1,f,p
1,s,l
0,n,p
1,y,d
1,y,p
0,n,g
1,s,d
1,y,d
1,s,d
0,n,g
1,s,p
1,s,p
1,y,p
1,f,l
0,n,l
1,y,d
1,y,d
1,y,d
1,f,l
0,n,l
0,n,g
0,n,l
0,n,g
1,y,d
1,f,d
1,s,d
1,y,p
0,n,g
1,s,d
0,n,g
1,f,d
1,f,l
1,m,d
1,s,d
1,s,l
1,s,l
1,f,p
1,f,l
1,s,d
0,n,g
1,y,p
1,y,l
1,s,l
1,y,p
0,n,g
1,s,l
1,s,d
1,s,d
0,n,g
1,y,p
1,y,p
1,y,d
1,m,d
0,n,g
1,f,p
1,f,l
0,n,g
1,f,l
1,s,l
0,n,l
1,f,l
1,s,l
0,n,l
1,f,l
1,f,d
1,s,p
1,s,p
0,n,p
0,n,l
0,n,g
1,s,p
0,n,g
1,y,p
1,s,d
0,n,l
1,y,p
1,f,d
1,y,l
1,s,p
1,s,p
1,f,d
0,n,d
1,f,d
1,s,p
1,y,p
1,f,d
0,n,g
1,f,d
0,n,g
1,y,l
0,n,g
0,n,l
1,f,p
1,f,l
0,n,g
1,y,l
1,s,l
0,n,g
1,f,p
1,f,l
1,f,l
1,s,p
1,s,p
0,n,g
1,f,p
1,f,l
0,n,g
0,n,l
0,n,g
1,s,p
1,f,d
1,s,p
0,n,g
1,s,p
0,n,l
0,n,g
1,m,d
0,n,g
1,y,p
0,n,l
0,n,g
0,n,l
0,n,g
1,f,l
1,y,p
0,n,l
1,y,p
1,y,p
1,y,l
1,s,l
0,n,l
0,n,g
0,n,l
1,s,l
1,s,l
1,y,p
1,y,l
0,n,l
1,y,d
0,n,l
1,y,d
0,n,g
1,f,d
1,f,d
0,n,g
1,y,p
0,n,g
1,f,p
1,f,d
0,n,g
1,s,l
1,m,d
0,n,g
1,y,p
1,s,d
1,y,l
0,n,g
0,n,g
1,s,d
0,n,g
1,f,d
1,y,l
0,n,g
1,y,l
0,n,g
1,y,d
0,n,g
0,n,l
1,s,d
1,f,p
0,n,g
1,m,d
1,y,p
1,f,l
1,y,p
1,f,d
0,n,l
1,f,l
0,n,d
0,n,g
1,y,l
1,n,l
1,y,p
1,s,l
1,s,l
0,n,l
0,n,p
0,n,g
1,s,p
1,s,p
1,s,l
0,n,g
0,n,l
1,y,p
1,f,d
0,n,g
1,y,l
0,n,g
1,y,l
1,s,p
0,n,g
0,n,g
1,f,d
1,f,l
1,s,d
0,n,g
1,f,p
1,y,d
1,f,l
1,m,d
1,f,l
0,n,l
1,f,d
0,n,l
0,n,g
0,n,g
1,s,l
1,y,d
1,f,p
1,y,d
0,n,g
0,n,g
1,m,d
1,f,d
1,f,p
1,y,d
1,s,d
1,s,p
1,m,d
1,s,d
0,n,g
1,y,l
0,n,g
1,f,d
1,y,l
0,n,g
0,n,g
1,y,l
0,n,l
0,n,p
0,n,g
1,s,l
1,f,p
1,f,l
0,n,g
0,n,g
0,n,p
0,n,g
1,y,l
1,y,p
1,y,p
1,f,p
0,n,l
1,n,l
1,m,d
1,y,d
0,n,p
1,s,p
0,n,g
0,n,g
1,f,p
0,n,l
0,n,l
0,n,p
0,n,g
1,y,d
1,f,d
1,s,l
1,y,d
1,f,l
1,y,p
0,n,g
1,m,d
1,y,d
0,n,l
1,f,p
0,n,g
0,n,g
1,s,l
1,y,p
1,f,d
1,f,p
1,s,l
1,y,p
0,n,g
1,y,p
0,n,g
1,n,l
1,s,p
1,y,l
0,n,g
0,n,l
1,y,l
0,n,l
1,y,l
1,f,l
1,y,p
0,n,g
0,n,l
0,n,l
1,f,d
0,n,p
0,n,g
1,s,l
0,n,g
1,f,p
1,y,d
1,s,d
0,n,p
1,f,d
1,f,p
0,n,l
1,f,l
1,y,d
1,y,d
1,s,p
1,f,p
1,s,l
0,n,l
1,s,p
0,n,g
1,s,l
1,y,l
0,n,l
1,s,l
0,n,g
0,n,l
1,s,p
1,s,d
0,n,p
0,n,g
0,n,g
0,n,l
1,s,p
1,y,l
0,n,p
0,n,g
1,f,p
1,f,l
1,f,d
1,f,l
0,n,l
1,f,d
1,s,p
1,f,l
0,n,l
0,n,g
1,s,p
1,f,p
0,n,g
1,s,d
1,s,d
1,y,l
0,n,l
0,n,g
1,m,d
1,f,p
1,f,d
1,y,d
1,f,d
1,s,l
1,s,d
1,y,p
1,s,d
1,y,d
0,n,g
1,m,d
0,n,p
1,y,p
1,n,l
1,s,l
1,m,d
0,n,g
1,y,d
1,s,l
1,y,d
0,n,l
1,s,d
1,f,d
1,s,p
1,s,l
1,s,p
1,s,d
1,y,p
0,n,g
0,n,g
0,n,g
1,s,d
1,f,d
1,y,p
1,f,d
1,y,p
1,f,l
1,y,p
1,y,d
1,s,d
0,n,l
1,s,d
1,s,l
0,n,g
0,n,g
1,s,d
0,n,l
1,s,l
1,s,l
1,s,p
1,s,l
1,f,l
0,n,l
0,n,l
0,n,g
1,y,l
0,n,l
1,s,d
0,n,g
0,n,g
1,s,d
0,n,l
0,n,g
0,n,p
0,n,g
0,n,g
1,m,d
0,n,l
1,y,l
1,s,l
0,n,g
0,n,g
0,n,g
0,n,l
1,f,p
1,s,p
1,s,l
0,n,l
0,n,p
1,f,p
0,n,g
1,y,p
0,n,g
1,s,l
1,s,l
0,n,l
1,y,l
1,f,d
0,n,l
0,n,g
0,n,g
0,n,l
1,y,p
1,y,p
0,n,g
1,y,d
0,n,g
1,s,l
1,f,d
1,s,d
0,n,p
1,y,l
1,y,p
0,n,g
1,s,l
1,f,p
0,n,g
1,f,l
1,y,l
1,s,p
1,y,d
0,n,g
1,y,d
1,s,d
0,n,g
0,n,g
0,n,g
1,s,p
1,y,p
1,y,d
0,n,g
1,f,d
1,s,d
0,n,g
1,y,d
1,f,l
1,s,d
0,n,p
1,f,p
1,f,p
1,n,l
1,f,l
0,n,p
1,f,p
0,n,g
1,s,d
1,f,d
1,y,l
1,y,l
0,n,g
0,n,g
1,s,d
0,n,l
1,y,p
1,y,p
0,n,g
1,y,p
0,n,l
1,y,p
1,y,d
1,y,l
1,y,l
0,n,g
0,n,g
1,y,l
1,f,d
0,n,g
0,n,l
1,s,p
1,s,l
0,n,l
0,n,g
0,n,g
1,y,p
1,f,l
1,m,d
0,n,l
1,f,d
1,s,d
1,s,d
0,n,g
0,n,g
0,n,g
0,n,g
0,n,g
1,s,p
1,s,l
1,s,l
1,f,l
0,n,g
0,n,g
0,n,g
0,n,l
1,s,d
1,f,p
1,y,p
1,y,d
1,f,l
0,n,l
0,n,g
1,y,d
1,y,d
0,n,g
1,s,d
0,n,l
0,n,l
1,s,p
1,s,d
1,s,p
1,s,p
1,f,d
0,n,g
1,f,d
0,n,p
0,n,l
1,y,l
1,f,d
1,f,p
0,n,g
1,s,p
0,n,g
1,f,l
0,n,g
1,f,l
1,s,d
0,n,g
1,f,d
1,s,p
0,n,l
0,n,l
1,y,l
1,s,p
0,n,l
1,y,d
1,f,d
1,s,d
1,f,d
1,f,l
0,n,g
0,n,l
1,s,d
0,n,l
0,n,p
1,y,l
0,n,p
0,n,p
1,n,l
1,f,p
1,f,d
1,m,d
0,n,l
1,s,l
0,n,g
1,f,l
1,m,d
1,s,l
0,n,l
0,n,d
1,s,d
1,y,p
0,n,g
0,n,p
1,s,p
0,n,l
0,n,g
0,n,g
1,y,d
1,m,d
1,s,p
0,n,l
1,f,p
1,s,l
1,y,l
1,s,d
1,f,l
1,f,d
0,n,g
0,n,l
1,s,p
1,n,l
0,n,g
0,n,l
1,s,p
0,n,g
0,n,g
0,n,l
0,n,g
0,n,g
0,n,g
0,n,g
1,f,d
1,s,d
0,n,g
0,n,g
1,f,p
1,s,d
1,f,p
1,f,p
1,s,l
0,n,l
1,s,p
0,n,g
0,n,l
0,n,g
1,s,p
0,n,l
1,f,d
1,f,d
1,s,p
0,n,g
1,f,d
1,s,d
0,n,g
1,y,d
1,y,p
1,f,l
0,n,g
0,n,g
1,s,p
0,n,d
1,y,d
1,s,l
0,n,l
0,n,g
1,f,l
1,s,l
1,f,p
1,f,d
0,n,l
1,y,d
0,n,g
0,n,l
1,s,p
1,y,p
1,s,d
0,n,g
1,y,l
0,n,g
1,s,d
1,s,d
1,s,d
1,m,d
1,s,d
0,n,g
1,y,l
1,m,d
1,y,l
0,n,l
1,s,p
0,n,g
0,n,g
0,n,l
1,s,l
0,n,l
0,n,g
1,s,l
1,y,p
0,n,g
0,n,g
1,f,d
1,m,d
1,f,p
1,f,p
0,n,g
1,f,l
0,n,l
1,s,d
1,s,p
0,n,l
0,n,l
0,n,g
0,n,l
1,y,l
0,n,l
0,n,l
1,y,d
0,n,l
1,f,d
0,n,g
1,y,d
0,n,l
1,s,l
0,n,g
0,n,g
0,n,l
0,n,l
1,y,d
0,n,g
1,f,d
1,s,d
1,f,p
1,f,d
1,s,l
1,s,l
0,n,g
1,s,l
1,y,p
1,s,p
0,n,g
0,n,l
0,n,g
1,f,l
1,f,l
1,s,d
1,f,p
1,f,d
0,n,l
0,n,g
1,f,l
1,f,l
0,n,g
0,n,l
0,n,g
1,s,d
1,f,p
1,y,l
1,y,d
1,s,l
0,n,l
1,f,d
1,s,d
1,f,l
0,n,g
1,y,d
1,y,l
1,f,d
0,n,l
0,n,d
1,s,d
1,s,l
0,n,g
1,s,p
1,y,p
0,n,l
0,n,g
0,n,g
1,y,p
1,s,d
0,n,p
1,y,d
0,n,g
1,s,p
1,y,p
1,f,p
0,n,g
0,n,l
1,f,p
0,n,g
1,f,l
0,n,g
1,m,d
0,n,l
0,n,g
0,n,l
1,f,d
0,n,l
0,n,g
1,f,p
0,n,g
0,n,p
1,f,l
0,n,g
0,n,l
1,f,d
1,y,l
1,s,p
1,s,d
0,n,l
1,s,p
0,n,g
1,f,p
0,n,p
1,s,p
0,n,g
1,f,d
1,y,d
1,f,l
0,n,l
0,n,g
0,n,l
0,n,p
1,m,d
1,y,d
1,f,p
0,n,l
0,n,l
0,n,p
1,s,l
1,y,l
1,s,l
1,y,d
1,f,p
0,n,p
0,n,l
0,n,g
0,n,g
0,n,l
0,n,l
0,n,g
1,f,l
0,n,g
1,y,p
1,y,d
1,f,d
0,n,l
0,n,p
0,n,g
1,f,d
1,f,l
1,y,p
0,n,l
0,n,l
0,n,g
1,f,p
0,n,g
0,n,g
0,n,g
0,n,l
1,s,p
0,n,l
1,f,d
1,m,d
1,y,d
0,n,g
0,n,d
0,n,l
0,n,p
1,f,l
0,n,l
1,y,p
1,f,p
0,n,g
1,f,l
0,n,g
0,n,l
1,y,p
0,n,l
1,y,l
1,s,p
0,n,l
0,n,l
0,n,p
0,n,g
0,n,l
1,f,p
1,s,d
1,y,p
1,f,d
1,f,p
0,n,l
0,n,l
0,n,l
1,s,l
0,n,l
0,n,g
0,n,g
1,s,p
0,n,g
0,n,g
0,n,g
1,y,d
1,y,l
1,y,p
1,y,p
1,f,d
0,n,l
0,n,l
1,f,l
1,f,l
0,n,g
0,n,g
1,f,p
1,f,d
1,f,l
0,n,l
0,n,g
0,n,l
1,y,d
0,n,p
1,f,l
0,n,l
1,y,p
0,n,l
0,n,l
0,n,l
1,y,p
0,n,g
1,y,d
1,y,d
1,f,l
1,s,d
0,n,g
0,n,l
1,f,d
0,n,l
0,n,g
0,n,l
0,n,l
1,s,l
1,f,p
1,s,d
1,s,p
1,y,l
0,n,g
1,f,l
0,n,l
1,f,p
0,n,l
0,n,l
0,n,l
1,s,l
0,n,l
1,f,p
0,n,l
0,n,g
0,n,l
0,n,l
0,n,l
0,n,g
1,f,l
1,s,d
1,f,p
1,s,p
1,y,l
0,n,g
0,n,g
0,n,l
1,f,p
0,n,l
1,f,d
1,f,d
1,f,p
1,y,p
1,y,d
0,n,g
1,m,d
0,n,g
1,s,l
1,y,d
0,n,g
0,n,l
1,s,p
0,n,l
0,n,l
0,n,l
0,n,l
0,n,l
0,n,l
1,y,l
0,n,g
0,n,l
0,n,g
0,n,l
1,y,d
1,m,d
0,n,l
1,s,l
1,y,d
1,f,d
0,n,l
0,n,l
0,n,l
1,y,l
0,n,l
